i,t,Capacity
1,1,150000
1,2,150000
1,3,150000
1,4,150000
1,5,150000
1,6,150000
1,7,150000
1,8,150000
1,9,150000
1,10,150000
1,11,150000
1,12,150000
2,1,150000
2,2,150000
2,3,150000
2,4,150000
2,5,150000
2,6,150000
2,7,150000
2,8,150000
2,9,150000
2,10,150000
2,11,150000
2,12,150000
3,1,118182
3,2,118182
3,3,118182
3,4,118182
3,5,118182
3,6,118182
3,7,118182
3,8,118182
3,9,118182
3,10,118182
3,11,118182
3,12,118182
4,1,51515
4,2,51515
4,3,51515
4,4,51515
4,5,51515
4,6,51515
4,7,51515
4,8,51515
4,9,51515
4,10,51515
4,11,51515
4,12,51515
5,1,51515
5,2,51515
5,3,51515
5,4,51515
5,5,51515
5,6,51515
5,7,51515
5,8,51515
5,9,51515
5,10,51515
5,11,51515
5,12,51515
6,1,118182
6,2,118182
6,3,118182
6,4,118182
6,5,118182
6,6,118182
6,7,118182
6,8,118182
6,9,118182
6,10,118182
6,11,118182
6,12,118182
7,1,96970
7,2,96970
7,3,96970
7,4,96970
7,5,96970
7,6,96970
7,7,96970
7,8,96970
7,9,96970
7,10,96970
7,11,96970
7,12,96970
8,1,118182
8,2,118182
8,3,118182
8,4,118182
8,5,118182
8,6,118182
8,7,118182
8,8,118182
8,9,118182
8,10,118182
8,11,118182
8,12,118182
9,1,150000
9,2,150000
9,3,150000
9,4,150000
9,5,150000
9,6,150000
9,7,150000
9,8,150000
9,9,150000
9,10,150000
9,11,150000
9,12,150000
10,1,51515
10,2,51515
10,3,51515
10,4,51515
10,5,51515
10,6,51515
10,7,51515
10,8,51515
10,9,51515
10,10,51515
10,11,51515
10,12,51515
11,1,142424
11,2,142424
11,3,142424
11,4,142424
11,5,142424
11,6,142424
11,7,142424
11,8,142424
11,9,142424
11,10,142424
11,11,142424
11,12,142424
12,1,174242
12,2,174242
12,3,174242
12,4,174242
12,5,174242
12,6,174242
12,7,174242
12,8,174242
12,9,174242
12,10,174242
12,11,174242
12,12,174242
13,1,174242
13,2,174242
13,3,174242
13,4,174242
13,5,174242
13,6,174242
13,7,174242
13,8,174242
13,9,174242
13,10,174242
13,11,174242
13,12,174242
14,1,118182
14,2,118182
14,3,118182
14,4,118182
14,5,118182
14,6,118182
14,7,118182
14,8,118182
14,9,118182
14,10,118182
14,11,118182
14,12,118182
15,1,142424
15,2,142424
15,3,142424
15,4,142424
15,5,142424
15,6,142424
15,7,142424
15,8,142424
15,9,142424
15,10,142424
15,11,142424
15,12,142424
16,1,118182
16,2,118182
16,3,118182
16,4,118182
16,5,118182
16,6,118182
16,7,118182
16,8,118182
16,9,118182
16,10,118182
16,11,118182
16,12,118182
17,1,104545
17,2,104545
17,3,104545
17,4,104545
17,5,104545
17,6,104545
17,7,104545
17,8,104545
17,9,104545
17,10,104545
17,11,104545
17,12,104545
18,1,118182
18,2,118182
18,3,118182
18,4,118182
18,5,118182
18,6,118182
18,7,118182
18,8,118182
18,9,118182
18,10,118182
18,11,118182
18,12,118182
19,1,51515
19,2,51515
19,3,51515
19,4,51515
19,5,51515
19,6,51515
19,7,51515
19,8,51515
19,9,51515
19,10,51515
19,11,51515
19,12,51515
20,1,104545
20,2,104545
20,3,104545
20,4,104545
20,5,104545
20,6,104545
20,7,104545
20,8,104545
20,9,104545
20,10,104545
20,11,104545
20,12,104545
21,1,80303
21,2,80303
21,3,80303
21,4,80303
21,5,80303
21,6,80303
21,7,80303
21,8,80303
21,9,80303
21,10,80303
21,11,80303
21,12,80303
22,1,83333
22,2,83333
22,3,83333
22,4,83333
22,5,83333
22,6,83333
22,7,83333
22,8,83333
22,9,83333
22,10,83333
22,11,83333
22,12,83333
23,1,118182
23,2,118182
23,3,118182
23,4,118182
23,5,118182
23,6,118182
23,7,118182
23,8,118182
23,9,118182
23,10,118182
23,11,118182
23,12,118182
24,1,69697
24,2,69697
24,3,69697
24,4,69697
24,5,69697
24,6,69697
24,7,69697
24,8,69697
24,9,69697
24,10,69697
24,11,69697
24,12,69697
25,1,118182
25,2,118182
25,3,118182
25,4,118182
25,5,118182
25,6,118182
25,7,118182
25,8,118182
25,9,118182
25,10,118182
25,11,118182
25,12,118182
26,1,69697
26,2,69697
26,3,69697
26,4,69697
26,5,69697
26,6,69697
26,7,69697
26,8,69697
26,9,69697
26,10,69697
26,11,69697
26,12,69697
27,1,118182
27,2,118182
27,3,118182
27,4,118182
27,5,118182
27,6,118182
27,7,118182
27,8,118182
27,9,118182
27,10,118182
27,11,118182
27,12,118182
28,1,13636
28,2,13636
28,3,13636
28,4,13636
28,5,13636
28,6,13636
28,7,13636
28,8,13636
28,9,13636
28,10,13636
28,11,13636
28,12,13636
29,1,80303
29,2,80303
29,3,80303
29,4,80303
29,5,80303
29,6,80303
29,7,80303
29,8,80303
29,9,80303
29,10,80303
29,11,80303
29,12,80303
30,1,37879
30,2,37879
30,3,37879
30,4,37879
30,5,37879
30,6,37879
30,7,37879
30,8,37879
30,9,37879
30,10,37879
30,11,37879
30,12,37879
31,1,37879
31,2,37879
31,3,37879
31,4,37879
31,5,37879
31,6,37879
31,7,37879
31,8,37879
31,9,37879
31,10,37879
31,11,37879
31,12,37879
32,1,118182
32,2,118182
32,3,118182
32,4,118182
32,5,118182
32,6,118182
32,7,118182
32,8,118182
32,9,118182
32,10,118182
32,11,118182
32,12,118182
33,1,51515
33,2,51515
33,3,51515
33,4,51515
33,5,51515
33,6,51515
33,7,51515
33,8,51515
33,9,51515
33,10,51515
33,11,51515
33,12,51515
34,1,104545
34,2,104545
34,3,104545
34,4,104545
34,5,104545
34,6,104545
34,7,104545
34,8,104545
34,9,104545
34,10,104545
34,11,104545
34,12,104545
35,1,136364
35,2,136364
35,3,136364
35,4,136364
35,5,136364
35,6,136364
35,7,136364
35,8,136364
35,9,136364
35,10,136364
35,11,136364
35,12,136364
36,1,136364
36,2,136364
36,3,136364
36,4,136364
36,5,136364
36,6,136364
36,7,136364
36,8,136364
36,9,136364
36,10,136364
36,11,136364
36,12,136364
37,1,13636
37,2,13636
37,3,13636
37,4,13636
37,5,13636
37,6,13636
37,7,13636
37,8,13636
37,9,13636
37,10,13636
37,11,13636
37,12,13636
38,1,37879
38,2,37879
38,3,37879
38,4,37879
38,5,37879
38,6,37879
38,7,37879
38,8,37879
38,9,37879
38,10,37879
38,11,37879
38,12,37879
39,1,37879
39,2,37879
39,3,37879
39,4,37879
39,5,37879
39,6,37879
39,7,37879
39,8,37879
39,9,37879
39,10,37879
39,11,37879
39,12,37879
40,1,104545
40,2,104545
40,3,104545
40,4,104545
40,5,104545
40,6,104545
40,7,104545
40,8,104545
40,9,104545
40,10,104545
40,11,104545
40,12,104545
41,1,104545
41,2,104545
41,3,104545
41,4,104545
41,5,104545
41,6,104545
41,7,104545
41,8,104545
41,9,104545
41,10,104545
41,11,104545
41,12,104545
42,1,104545
42,2,104545
42,3,104545
42,4,104545
42,5,104545
42,6,104545
42,7,104545
42,8,104545
42,9,104545
42,10,104545
42,11,104545
42,12,104545
43,1,104545
43,2,104545
43,3,104545
43,4,104545
43,5,104545
43,6,104545
43,7,104545
43,8,104545
43,9,104545
43,10,104545
43,11,104545
43,12,104545
44,1,37879
44,2,37879
44,3,37879
44,4,37879
44,5,37879
44,6,37879
44,7,37879
44,8,37879
44,9,37879
44,10,37879
44,11,37879
44,12,37879
45,1,136364
45,2,136364
45,3,136364
45,4,136364
45,5,136364
45,6,136364
45,7,136364
45,8,136364
45,9,136364
45,10,136364
45,11,136364
45,12,136364
46,1,51515
46,2,51515
46,3,51515
46,4,51515
46,5,51515
46,6,51515
46,7,51515
46,8,51515
46,9,51515
46,10,51515
46,11,51515
46,12,51515
47,1,93939
47,2,93939
47,3,93939
47,4,93939
47,5,93939
47,6,93939
47,7,93939
47,8,93939
47,9,93939
47,10,93939
47,11,93939
47,12,93939
48,1,136364
48,2,136364
48,3,136364
48,4,136364
48,5,136364
48,6,136364
48,7,136364
48,8,136364
48,9,136364
48,10,136364
48,11,136364
48,12,136364
49,1,37879
49,2,37879
49,3,37879
49,4,37879
49,5,37879
49,6,37879
49,7,37879
49,8,37879
49,9,37879
49,10,37879
49,11,37879
49,12,37879
50,1,80303
50,2,80303
50,3,80303
50,4,80303
50,5,80303
50,6,80303
50,7,80303
50,8,80303
50,9,80303
50,10,80303
50,11,80303
50,12,80303
51,1,104545
51,2,104545
51,3,104545
51,4,104545
51,5,104545
51,6,104545
51,7,104545
51,8,104545
51,9,104545
51,10,104545
51,11,104545
51,12,104545
52,1,69697
52,2,69697
52,3,69697
52,4,69697
52,5,69697
52,6,69697
52,7,69697
52,8,69697
52,9,69697
52,10,69697
52,11,69697
52,12,69697
53,1,136364
53,2,136364
53,3,136364
53,4,136364
53,5,136364
53,6,136364
53,7,136364
53,8,136364
53,9,136364
53,10,136364
53,11,136364
53,12,136364
54,1,37879
54,2,37879
54,3,37879
54,4,37879
54,5,37879
54,6,37879
54,7,37879
54,8,37879
54,9,37879
54,10,37879
54,11,37879
54,12,37879
55,1,13636
55,2,13636
55,3,13636
55,4,13636
55,5,13636
55,6,13636
55,7,13636
55,8,13636
55,9,13636
55,10,13636
55,11,13636
55,12,13636
56,1,13636
56,2,13636
56,3,13636
56,4,13636
56,5,13636
56,6,13636
56,7,13636
56,8,13636
56,9,13636
56,10,13636
56,11,13636
56,12,13636
57,1,37879
57,2,37879
57,3,37879
57,4,37879
57,5,37879
57,6,37879
57,7,37879
57,8,37879
57,9,37879
57,10,37879
57,11,37879
57,12,37879
58,1,37879
58,2,37879
58,3,37879
58,4,37879
58,5,37879
58,6,37879
58,7,37879
58,8,37879
58,9,37879
58,10,37879
58,11,37879
58,12,37879
59,1,104545
59,2,104545
59,3,104545
59,4,104545
59,5,104545
59,6,104545
59,7,104545
59,8,104545
59,9,104545
59,10,104545
59,11,104545
59,12,104545
60,1,93939
60,2,93939
60,3,93939
60,4,93939
60,5,93939
60,6,93939
60,7,93939
60,8,93939
60,9,93939
60,10,93939
60,11,93939
60,12,93939
61,1,27273
61,2,27273
61,3,27273
61,4,27273
61,5,27273
61,6,27273
61,7,27273
61,8,27273
61,9,27273
61,10,27273
61,11,27273
61,12,27273
62,1,136364
62,2,136364
62,3,136364
62,4,136364
62,5,136364
62,6,136364
62,7,136364
62,8,136364
62,9,136364
62,10,136364
62,11,136364
62,12,136364
63,1,51515
63,2,51515
63,3,51515
63,4,51515
63,5,51515
63,6,51515
63,7,51515
63,8,51515
63,9,51515
63,10,51515
63,11,51515
63,12,51515
64,1,69697
64,2,69697
64,3,69697
64,4,69697
64,5,69697
64,6,69697
64,7,69697
64,8,69697
64,9,69697
64,10,69697
64,11,69697
64,12,69697
65,1,51515
65,2,51515
65,3,51515
65,4,51515
65,5,51515
65,6,51515
65,7,51515
65,8,51515
65,9,51515
65,10,51515
65,11,51515
65,12,51515
66,1,51515
66,2,51515
66,3,51515
66,4,51515
66,5,51515
66,6,51515
66,7,51515
66,8,51515
66,9,51515
66,10,51515
66,11,51515
66,12,51515
67,1,37879
67,2,37879
67,3,37879
67,4,37879
67,5,37879
67,6,37879
67,7,37879
67,8,37879
67,9,37879
67,10,37879
67,11,37879
67,12,37879
68,1,104545
68,2,104545
68,3,104545
68,4,104545
68,5,104545
68,6,104545
68,7,104545
68,8,104545
68,9,104545
68,10,104545
68,11,104545
68,12,104545
69,1,104545
69,2,104545
69,3,104545
69,4,104545
69,5,104545
69,6,104545
69,7,104545
69,8,104545
69,9,104545
69,10,104545
69,11,104545
69,12,104545
70,1,104545
70,2,104545
70,3,104545
70,4,104545
70,5,104545
70,6,104545
70,7,104545
70,8,104545
70,9,104545
70,10,104545
70,11,104545
70,12,104545
71,1,51515
71,2,51515
71,3,51515
71,4,51515
71,5,51515
71,6,51515
71,7,51515
71,8,51515
71,9,51515
71,10,51515
71,11,51515
71,12,51515
72,1,83333
72,2,83333
72,3,83333
72,4,83333
72,5,83333
72,6,83333
72,7,83333
72,8,83333
72,9,83333
72,10,83333
72,11,83333
72,12,83333
73,1,93939
73,2,93939
73,3,93939
73,4,93939
73,5,93939
73,6,93939
73,7,93939
73,8,93939
73,9,93939
73,10,93939
73,11,93939
73,12,93939
74,1,37879
74,2,37879
74,3,37879
74,4,37879
74,5,37879
74,6,37879
74,7,37879
74,8,37879
74,9,37879
74,10,37879
74,11,37879
74,12,37879
75,1,112121
75,2,112121
75,3,112121
75,4,112121
75,5,112121
75,6,112121
75,7,112121
75,8,112121
75,9,112121
75,10,112121
75,11,112121
75,12,112121
76,1,118182
76,2,118182
76,3,118182
76,4,118182
76,5,118182
76,6,118182
76,7,118182
76,8,118182
76,9,118182
76,10,118182
76,11,118182
76,12,118182
77,1,90909
77,2,90909
77,3,90909
77,4,90909
77,5,90909
77,6,90909
77,7,90909
77,8,90909
77,9,90909
77,10,90909
77,11,90909
77,12,90909
78,1,13636
78,2,13636
78,3,13636
78,4,13636
78,5,13636
78,6,13636
78,7,13636
78,8,13636
78,9,13636
78,10,13636
78,11,13636
78,12,13636
79,1,37879
79,2,37879
79,3,37879
79,4,37879
79,5,37879
79,6,37879
79,7,37879
79,8,37879
79,9,37879
79,10,37879
79,11,37879
79,12,37879
80,1,13636
80,2,13636
80,3,13636
80,4,13636
80,5,13636
80,6,13636
80,7,13636
80,8,13636
80,9,13636
80,10,13636
80,11,13636
80,12,13636
81,1,69697
81,2,69697
81,3,69697
81,4,69697
81,5,69697
81,6,69697
81,7,69697
81,8,69697
81,9,69697
81,10,69697
81,11,69697
81,12,69697
82,1,104545
82,2,104545
82,3,104545
82,4,104545
82,5,104545
82,6,104545
82,7,104545
82,8,104545
82,9,104545
82,10,104545
82,11,104545
82,12,104545
83,1,104545
83,2,104545
83,3,104545
83,4,104545
83,5,104545
83,6,104545
83,7,104545
83,8,104545
83,9,104545
83,10,104545
83,11,104545
83,12,104545
84,1,37879
84,2,37879
84,3,37879
84,4,37879
84,5,37879
84,6,37879
84,7,37879
84,8,37879
84,9,37879
84,10,37879
84,11,37879
84,12,37879
85,1,80303
85,2,80303
85,3,80303
85,4,80303
85,5,80303
85,6,80303
85,7,80303
85,8,80303
85,9,80303
85,10,80303
85,11,80303
85,12,80303
86,1,80303
86,2,80303
86,3,80303
86,4,80303
86,5,80303
86,6,80303
86,7,80303
86,8,80303
86,9,80303
86,10,80303
86,11,80303
86,12,80303
87,1,37879
87,2,37879
87,3,37879
87,4,37879
87,5,37879
87,6,37879
87,7,37879
87,8,37879
87,9,37879
87,10,37879
87,11,37879
87,12,37879
88,1,104545
88,2,104545
88,3,104545
88,4,104545
88,5,104545
88,6,104545
88,7,104545
88,8,104545
88,9,104545
88,10,104545
88,11,104545
88,12,104545
89,1,104545
89,2,104545
89,3,104545
89,4,104545
89,5,104545
89,6,104545
89,7,104545
89,8,104545
89,9,104545
89,10,104545
89,11,104545
89,12,104545
90,1,37879
90,2,37879
90,3,37879
90,4,37879
90,5,37879
90,6,37879
90,7,37879
90,8,37879
90,9,37879
90,10,37879
90,11,37879
90,12,37879
91,1,69697
91,2,69697
91,3,69697
91,4,69697
91,5,69697
91,6,69697
91,7,69697
91,8,69697
91,9,69697
91,10,69697
91,11,69697
91,12,69697
92,1,136364
92,2,136364
92,3,136364
92,4,136364
92,5,136364
92,6,136364
92,7,136364
92,8,136364
92,9,136364
92,10,136364
92,11,136364
92,12,136364
93,1,118182
93,2,118182
93,3,118182
93,4,118182
93,5,118182
93,6,118182
93,7,118182
93,8,118182
93,9,118182
93,10,118182
93,11,118182
93,12,118182
94,1,104545
94,2,104545
94,3,104545
94,4,104545
94,5,104545
94,6,104545
94,7,104545
94,8,104545
94,9,104545
94,10,104545
94,11,104545
94,12,104545
95,1,69697
95,2,69697
95,3,69697
95,4,69697
95,5,69697
95,6,69697
95,7,69697
95,8,69697
95,9,69697
95,10,69697
95,11,69697
95,12,69697
96,1,104545
96,2,104545
96,3,104545
96,4,104545
96,5,104545
96,6,104545
96,7,104545
96,8,104545
96,9,104545
96,10,104545
96,11,104545
96,12,104545
97,1,104545
97,2,104545
97,3,104545
97,4,104545
97,5,104545
97,6,104545
97,7,104545
97,8,104545
97,9,104545
97,10,104545
97,11,104545
97,12,104545
98,1,118182
98,2,118182
98,3,118182
98,4,118182
98,5,118182
98,6,118182
98,7,118182
98,8,118182
98,9,118182
98,10,118182
98,11,118182
98,12,118182
99,1,69697
99,2,69697
99,3,69697
99,4,69697
99,5,69697
99,6,69697
99,7,69697
99,8,69697
99,9,69697
99,10,69697
99,11,69697
99,12,69697
100,1,27273
100,2,27273
100,3,27273
100,4,27273
100,5,27273
100,6,27273
100,7,27273
100,8,27273
100,9,27273
100,10,27273
100,11,27273
100,12,27273
101,1,37879
101,2,37879
101,3,37879
101,4,37879
101,5,37879
101,6,37879
101,7,37879
101,8,37879
101,9,37879
101,10,37879
101,11,37879
101,12,37879
102,1,51515
102,2,51515
102,3,51515
102,4,51515
102,5,51515
102,6,51515
102,7,51515
102,8,51515
102,9,51515
102,10,51515
102,11,51515
102,12,51515
103,1,104545
103,2,104545
103,3,104545
103,4,104545
103,5,104545
103,6,104545
103,7,104545
103,8,104545
103,9,104545
103,10,104545
103,11,104545
103,12,104545
104,1,80303
104,2,80303
104,3,80303
104,4,80303
104,5,80303
104,6,80303
104,7,80303
104,8,80303
104,9,80303
104,10,80303
104,11,80303
104,12,80303
105,1,37879
105,2,37879
105,3,37879
105,4,37879
105,5,37879
105,6,37879
105,7,37879
105,8,37879
105,9,37879
105,10,37879
105,11,37879
105,12,37879
106,1,104545
106,2,104545
106,3,104545
106,4,104545
106,5,104545
106,6,104545
106,7,104545
106,8,104545
106,9,104545
106,10,104545
106,11,104545
106,12,104545
107,1,37879
107,2,37879
107,3,37879
107,4,37879
107,5,37879
107,6,37879
107,7,37879
107,8,37879
107,9,37879
107,10,37879
107,11,37879
107,12,37879
108,1,37879
108,2,37879
108,3,37879
108,4,37879
108,5,37879
108,6,37879
108,7,37879
108,8,37879
108,9,37879
108,10,37879
108,11,37879
108,12,37879
109,1,37879
109,2,37879
109,3,37879
109,4,37879
109,5,37879
109,6,37879
109,7,37879
109,8,37879
109,9,37879
109,10,37879
109,11,37879
109,12,37879
110,1,104545
110,2,104545
110,3,104545
110,4,104545
110,5,104545
110,6,104545
110,7,104545
110,8,104545
110,9,104545
110,10,104545
110,11,104545
110,12,104545
111,1,37879
111,2,37879
111,3,37879
111,4,37879
111,5,37879
111,6,37879
111,7,37879
111,8,37879
111,9,37879
111,10,37879
111,11,37879
111,12,37879
112,1,37879
112,2,37879
112,3,37879
112,4,37879
112,5,37879
112,6,37879
112,7,37879
112,8,37879
112,9,37879
112,10,37879
112,11,37879
112,12,37879
113,1,80303
113,2,80303
113,3,80303
113,4,80303
113,5,80303
113,6,80303
113,7,80303
113,8,80303
113,9,80303
113,10,80303
113,11,80303
113,12,80303
114,1,80303
114,2,80303
114,3,80303
114,4,80303
114,5,80303
114,6,80303
114,7,80303
114,8,80303
114,9,80303
114,10,80303
114,11,80303
114,12,80303
115,1,37879
115,2,37879
115,3,37879
115,4,37879
115,5,37879
115,6,37879
115,7,37879
115,8,37879
115,9,37879
115,10,37879
115,11,37879
115,12,37879
116,1,112121
116,2,112121
116,3,112121
116,4,112121
116,5,112121
116,6,112121
116,7,112121
116,8,112121
116,9,112121
116,10,112121
116,11,112121
116,12,112121
117,1,104545
117,2,104545
117,3,104545
117,4,104545
117,5,104545
117,6,104545
117,7,104545
117,8,104545
117,9,104545
117,10,104545
117,11,104545
117,12,104545
118,1,13636
118,2,13636
118,3,13636
118,4,13636
118,5,13636
118,6,13636
118,7,13636
118,8,13636
118,9,13636
118,10,13636
118,11,13636
118,12,13636
119,1,37879
119,2,37879
119,3,37879
119,4,37879
119,5,37879
119,6,37879
119,7,37879
119,8,37879
119,9,37879
119,10,37879
119,11,37879
119,12,37879
120,1,80303
120,2,80303
120,3,80303
120,4,80303
120,5,80303
120,6,80303
120,7,80303
120,8,80303
120,9,80303
120,10,80303
120,11,80303
120,12,80303
121,1,69697
121,2,69697
121,3,69697
121,4,69697
121,5,69697
121,6,69697
121,7,69697
121,8,69697
121,9,69697
121,10,69697
121,11,69697
121,12,69697
122,1,69697
122,2,69697
122,3,69697
122,4,69697
122,5,69697
122,6,69697
122,7,69697
122,8,69697
122,9,69697
122,10,69697
122,11,69697
122,12,69697
123,1,80303
123,2,80303
123,3,80303
123,4,80303
123,5,80303
123,6,80303
123,7,80303
123,8,80303
123,9,80303
123,10,80303
123,11,80303
123,12,80303
124,1,37879
124,2,37879
124,3,37879
124,4,37879
124,5,37879
124,6,37879
124,7,37879
124,8,37879
124,9,37879
124,10,37879
124,11,37879
124,12,37879
125,1,13636
125,2,13636
125,3,13636
125,4,13636
125,5,13636
125,6,13636
125,7,13636
125,8,13636
125,9,13636
125,10,13636
125,11,13636
125,12,13636
126,1,104545
126,2,104545
126,3,104545
126,4,104545
126,5,104545
126,6,104545
126,7,104545
126,8,104545
126,9,104545
126,10,104545
126,11,104545
126,12,104545
127,1,13636
127,2,13636
127,3,13636
127,4,13636
127,5,13636
127,6,13636
127,7,13636
127,8,13636
127,9,13636
127,10,13636
127,11,13636
127,12,13636
128,1,37879
128,2,37879
128,3,37879
128,4,37879
128,5,37879
128,6,37879
128,7,37879
128,8,37879
128,9,37879
128,10,37879
128,11,37879
128,12,37879
129,1,37879
129,2,37879
129,3,37879
129,4,37879
129,5,37879
129,6,37879
129,7,37879
129,8,37879
129,9,37879
129,10,37879
129,11,37879
129,12,37879
130,1,69697
130,2,69697
130,3,69697
130,4,69697
130,5,69697
130,6,69697
130,7,69697
130,8,69697
130,9,69697
130,10,69697
130,11,69697
130,12,69697
131,1,104545
131,2,104545
131,3,104545
131,4,104545
131,5,104545
131,6,104545
131,7,104545
131,8,104545
131,9,104545
131,10,104545
131,11,104545
131,12,104545
132,1,37879
132,2,37879
132,3,37879
132,4,37879
132,5,37879
132,6,37879
132,7,37879
132,8,37879
132,9,37879
132,10,37879
132,11,37879
132,12,37879
133,1,112121
133,2,112121
133,3,112121
133,4,112121
133,5,112121
133,6,112121
133,7,112121
133,8,112121
133,9,112121
133,10,112121
133,11,112121
133,12,112121
134,1,13636
134,2,13636
134,3,13636
134,4,13636
134,5,13636
134,6,13636
134,7,13636
134,8,13636
134,9,13636
134,10,13636
134,11,13636
134,12,13636
135,1,37879
135,2,37879
135,3,37879
135,4,37879
135,5,37879
135,6,37879
135,7,37879
135,8,37879
135,9,37879
135,10,37879
135,11,37879
135,12,37879
136,1,136364
136,2,136364
136,3,136364
136,4,136364
136,5,136364
136,6,136364
136,7,136364
136,8,136364
136,9,136364
136,10,136364
136,11,136364
136,12,136364
137,1,13636
137,2,13636
137,3,13636
137,4,13636
137,5,13636
137,6,13636
137,7,13636
137,8,13636
137,9,13636
137,10,13636
137,11,13636
137,12,13636
138,1,37879
138,2,37879
138,3,37879
138,4,37879
138,5,37879
138,6,37879
138,7,37879
138,8,37879
138,9,37879
138,10,37879
138,11,37879
138,12,37879
139,1,13636
139,2,13636
139,3,13636
139,4,13636
139,5,13636
139,6,13636
139,7,13636
139,8,13636
139,9,13636
139,10,13636
139,11,13636
139,12,13636
140,1,104545
140,2,104545
140,3,104545
140,4,104545
140,5,104545
140,6,104545
140,7,104545
140,8,104545
140,9,104545
140,10,104545
140,11,104545
140,12,104545
141,1,80303
141,2,80303
141,3,80303
141,4,80303
141,5,80303
141,6,80303
141,7,80303
141,8,80303
141,9,80303
141,10,80303
141,11,80303
141,12,80303
142,1,37879
142,2,37879
142,3,37879
142,4,37879
142,5,37879
142,6,37879
142,7,37879
142,8,37879
142,9,37879
142,10,37879
142,11,37879
142,12,37879
143,1,104545
143,2,104545
143,3,104545
143,4,104545
143,5,104545
143,6,104545
143,7,104545
143,8,104545
143,9,104545
143,10,104545
143,11,104545
143,12,104545
144,1,104545
144,2,104545
144,3,104545
144,4,104545
144,5,104545
144,6,104545
144,7,104545
144,8,104545
144,9,104545
144,10,104545
144,11,104545
144,12,104545
145,1,13636
145,2,13636
145,3,13636
145,4,13636
145,5,13636
145,6,13636
145,7,13636
145,8,13636
145,9,13636
145,10,13636
145,11,13636
145,12,13636
146,1,13636
146,2,13636
146,3,13636
146,4,13636
146,5,13636
146,6,13636
146,7,13636
146,8,13636
146,9,13636
146,10,13636
146,11,13636
146,12,13636
147,1,80303
147,2,80303
147,3,80303
147,4,80303
147,5,80303
147,6,80303
147,7,80303
147,8,80303
147,9,80303
147,10,80303
147,11,80303
147,12,80303
148,1,136364
148,2,136364
148,3,136364
148,4,136364
148,5,136364
148,6,136364
148,7,136364
148,8,136364
148,9,136364
148,10,136364
148,11,136364
148,12,136364
149,1,37879
149,2,37879
149,3,37879
149,4,37879
149,5,37879
149,6,37879
149,7,37879
149,8,37879
149,9,37879
149,10,37879
149,11,37879
149,12,37879
150,1,136364
150,2,136364
150,3,136364
150,4,136364
150,5,136364
150,6,136364
150,7,136364
150,8,136364
150,9,136364
150,10,136364
150,11,136364
150,12,136364
151,1,51515
151,2,51515
151,3,51515
151,4,51515
151,5,51515
151,6,51515
151,7,51515
151,8,51515
151,9,51515
151,10,51515
151,11,51515
151,12,51515
152,1,37879
152,2,37879
152,3,37879
152,4,37879
152,5,37879
152,6,37879
152,7,37879
152,8,37879
152,9,37879
152,10,37879
152,11,37879
152,12,37879
153,1,104545
153,2,104545
153,3,104545
153,4,104545
153,5,104545
153,6,104545
153,7,104545
153,8,104545
153,9,104545
153,10,104545
153,11,104545
153,12,104545
154,1,104545
154,2,104545
154,3,104545
154,4,104545
154,5,104545
154,6,104545
154,7,104545
154,8,104545
154,9,104545
154,10,104545
154,11,104545
154,12,104545
155,1,37879
155,2,37879
155,3,37879
155,4,37879
155,5,37879
155,6,37879
155,7,37879
155,8,37879
155,9,37879
155,10,37879
155,11,37879
155,12,37879
156,1,104545
156,2,104545
156,3,104545
156,4,104545
156,5,104545
156,6,104545
156,7,104545
156,8,104545
156,9,104545
156,10,104545
156,11,104545
156,12,104545
157,1,37879
157,2,37879
157,3,37879
157,4,37879
157,5,37879
157,6,37879
157,7,37879
157,8,37879
157,9,37879
157,10,37879
157,11,37879
157,12,37879
158,1,37879
158,2,37879
158,3,37879
158,4,37879
158,5,37879
158,6,37879
158,7,37879
158,8,37879
158,9,37879
158,10,37879
158,11,37879
158,12,37879
159,1,104545
159,2,104545
159,3,104545
159,4,104545
159,5,104545
159,6,104545
159,7,104545
159,8,104545
159,9,104545
159,10,104545
159,11,104545
159,12,104545
160,1,104545
160,2,104545
160,3,104545
160,4,104545
160,5,104545
160,6,104545
160,7,104545
160,8,104545
160,9,104545
160,10,104545
160,11,104545
160,12,104545
161,1,104545
161,2,104545
161,3,104545
161,4,104545
161,5,104545
161,6,104545
161,7,104545
161,8,104545
161,9,104545
161,10,104545
161,11,104545
161,12,104545
162,1,104545
162,2,104545
162,3,104545
162,4,104545
162,5,104545
162,6,104545
162,7,104545
162,8,104545
162,9,104545
162,10,104545
162,11,104545
162,12,104545
163,1,104545
163,2,104545
163,3,104545
163,4,104545
163,5,104545
163,6,104545
163,7,104545
163,8,104545
163,9,104545
163,10,104545
163,11,104545
163,12,104545
164,1,69697
164,2,69697
164,3,69697
164,4,69697
164,5,69697
164,6,69697
164,7,69697
164,8,69697
164,9,69697
164,10,69697
164,11,69697
164,12,69697
165,1,150000
165,2,150000
165,3,150000
165,4,150000
165,5,150000
165,6,150000
165,7,150000
165,8,150000
165,9,150000
165,10,150000
165,11,150000
165,12,150000
166,1,128788
166,2,128788
166,3,128788
166,4,128788
166,5,128788
166,6,128788
166,7,128788
166,8,128788
166,9,128788
166,10,128788
166,11,128788
166,12,128788
167,1,37879
167,2,37879
167,3,37879
167,4,37879
167,5,37879
167,6,37879
167,7,37879
167,8,37879
167,9,37879
167,10,37879
167,11,37879
167,12,37879
168,1,104545
168,2,104545
168,3,104545
168,4,104545
168,5,104545
168,6,104545
168,7,104545
168,8,104545
168,9,104545
168,10,104545
168,11,104545
168,12,104545
169,1,104545
169,2,104545
169,3,104545
169,4,104545
169,5,104545
169,6,104545
169,7,104545
169,8,104545
169,9,104545
169,10,104545
169,11,104545
169,12,104545
170,1,62121
170,2,62121
170,3,62121
170,4,62121
170,5,62121
170,6,62121
170,7,62121
170,8,62121
170,9,62121
170,10,62121
170,11,62121
170,12,62121
171,1,104545
171,2,104545
171,3,104545
171,4,104545
171,5,104545
171,6,104545
171,7,104545
171,8,104545
171,9,104545
171,10,104545
171,11,104545
171,12,104545
172,1,104545
172,2,104545
172,3,104545
172,4,104545
172,5,104545
172,6,104545
172,7,104545
172,8,104545
172,9,104545
172,10,104545
172,11,104545
172,12,104545
173,1,136364
173,2,136364
173,3,136364
173,4,136364
173,5,136364
173,6,136364
173,7,136364
173,8,136364
173,9,136364
173,10,136364
173,11,136364
173,12,136364
174,1,104545
174,2,104545
174,3,104545
174,4,104545
174,5,104545
174,6,104545
174,7,104545
174,8,104545
174,9,104545
174,10,104545
174,11,104545
174,12,104545
175,1,104545
175,2,104545
175,3,104545
175,4,104545
175,5,104545
175,6,104545
175,7,104545
175,8,104545
175,9,104545
175,10,104545
175,11,104545
175,12,104545
176,1,37879
176,2,37879
176,3,37879
176,4,37879
176,5,37879
176,6,37879
176,7,37879
176,8,37879
176,9,37879
176,10,37879
176,11,37879
176,12,37879
177,1,104545
177,2,104545
177,3,104545
177,4,104545
177,5,104545
177,6,104545
177,7,104545
177,8,104545
177,9,104545
177,10,104545
177,11,104545
177,12,104545
178,1,69697
178,2,69697
178,3,69697
178,4,69697
178,5,69697
178,6,69697
178,7,69697
178,8,69697
178,9,69697
178,10,69697
178,11,69697
178,12,69697
179,1,13636
179,2,13636
179,3,13636
179,4,13636
179,5,13636
179,6,13636
179,7,13636
179,8,13636
179,9,13636
179,10,13636
179,11,13636
179,12,13636
180,1,83333
180,2,83333
180,3,83333
180,4,83333
180,5,83333
180,6,83333
180,7,83333
180,8,83333
180,9,83333
180,10,83333
180,11,83333
180,12,83333
181,1,37879
181,2,37879
181,3,37879
181,4,37879
181,5,37879
181,6,37879
181,7,37879
181,8,37879
181,9,37879
181,10,37879
181,11,37879
181,12,37879
182,1,37879
182,2,37879
182,3,37879
182,4,37879
182,5,37879
182,6,37879
182,7,37879
182,8,37879
182,9,37879
182,10,37879
182,11,37879
182,12,37879
183,1,37879
183,2,37879
183,3,37879
183,4,37879
183,5,37879
183,6,37879
183,7,37879
183,8,37879
183,9,37879
183,10,37879
183,11,37879
183,12,37879
184,1,45455
184,2,45455
184,3,45455
184,4,45455
184,5,45455
184,6,45455
184,7,45455
184,8,45455
184,9,45455
184,10,45455
184,11,45455
184,12,45455
185,1,13636
185,2,13636
185,3,13636
185,4,13636
185,5,13636
185,6,13636
185,7,13636
185,8,13636
185,9,13636
185,10,13636
185,11,13636
185,12,13636
186,1,104545
186,2,104545
186,3,104545
186,4,104545
186,5,104545
186,6,104545
186,7,104545
186,8,104545
186,9,104545
186,10,104545
186,11,104545
186,12,104545
187,1,80303
187,2,80303
187,3,80303
187,4,80303
187,5,80303
187,6,80303
187,7,80303
187,8,80303
187,9,80303
187,10,80303
187,11,80303
187,12,80303
188,1,37879
188,2,37879
188,3,37879
188,4,37879
188,5,37879
188,6,37879
188,7,37879
188,8,37879
188,9,37879
188,10,37879
188,11,37879
188,12,37879
189,1,104545
189,2,104545
189,3,104545
189,4,104545
189,5,104545
189,6,104545
189,7,104545
189,8,104545
189,9,104545
189,10,104545
189,11,104545
189,12,104545
190,1,69697
190,2,69697
190,3,69697
190,4,69697
190,5,69697
190,6,69697
190,7,69697
190,8,69697
190,9,69697
190,10,69697
190,11,69697
190,12,69697
191,1,80303
191,2,80303
191,3,80303
191,4,80303
191,5,80303
191,6,80303
191,7,80303
191,8,80303
191,9,80303
191,10,80303
191,11,80303
191,12,80303
192,1,104545
192,2,104545
192,3,104545
192,4,104545
192,5,104545
192,6,104545
192,7,104545
192,8,104545
192,9,104545
192,10,104545
192,11,104545
192,12,104545
193,1,80303
193,2,80303
193,3,80303
193,4,80303
193,5,80303
193,6,80303
193,7,80303
193,8,80303
193,9,80303
193,10,80303
193,11,80303
193,12,80303
194,1,13636
194,2,13636
194,3,13636
194,4,13636
194,5,13636
194,6,13636
194,7,13636
194,8,13636
194,9,13636
194,10,13636
194,11,13636
194,12,13636
195,1,37879
195,2,37879
195,3,37879
195,4,37879
195,5,37879
195,6,37879
195,7,37879
195,8,37879
195,9,37879
195,10,37879
195,11,37879
195,12,37879
196,1,104545
196,2,104545
196,3,104545
196,4,104545
196,5,104545
196,6,104545
196,7,104545
196,8,104545
196,9,104545
196,10,104545
196,11,104545
196,12,104545
197,1,118182
197,2,118182
197,3,118182
197,4,118182
197,5,118182
197,6,118182
197,7,118182
197,8,118182
197,9,118182
197,10,118182
197,11,118182
197,12,118182
198,1,51515
198,2,51515
198,3,51515
198,4,51515
198,5,51515
198,6,51515
198,7,51515
198,8,51515
198,9,51515
198,10,51515
198,11,51515
198,12,51515
199,1,80303
199,2,80303
199,3,80303
199,4,80303
199,5,80303
199,6,80303
199,7,80303
199,8,80303
199,9,80303
199,10,80303
199,11,80303
199,12,80303
200,1,69697
200,2,69697
200,3,69697
200,4,69697
200,5,69697
200,6,69697
200,7,69697
200,8,69697
200,9,69697
200,10,69697
200,11,69697
200,12,69697
201,1,51515
201,2,51515
201,3,51515
201,4,51515
201,5,51515
201,6,51515
201,7,51515
201,8,51515
201,9,51515
201,10,51515
201,11,51515
201,12,51515
202,1,27273
202,2,27273
202,3,27273
202,4,27273
202,5,27273
202,6,27273
202,7,27273
202,8,27273
202,9,27273
202,10,27273
202,11,27273
202,12,27273
203,1,136364
203,2,136364
203,3,136364
203,4,136364
203,5,136364
203,6,136364
203,7,136364
203,8,136364
203,9,136364
203,10,136364
203,11,136364
203,12,136364
204,1,136364
204,2,136364
204,3,136364
204,4,136364
204,5,136364
204,6,136364
204,7,136364
204,8,136364
204,9,136364
204,10,136364
204,11,136364
204,12,136364
205,1,37879
205,2,37879
205,3,37879
205,4,37879
205,5,37879
205,6,37879
205,7,37879
205,8,37879
205,9,37879
205,10,37879
205,11,37879
205,12,37879
206,1,27273
206,2,27273
206,3,27273
206,4,27273
206,5,27273
206,6,27273
206,7,27273
206,8,27273
206,9,27273
206,10,27273
206,11,27273
206,12,27273
207,1,118182
207,2,118182
207,3,118182
207,4,118182
207,5,118182
207,6,118182
207,7,118182
207,8,118182
207,9,118182
207,10,118182
207,11,118182
207,12,118182
208,1,51515
208,2,51515
208,3,51515
208,4,51515
208,5,51515
208,6,51515
208,7,51515
208,8,51515
208,9,51515
208,10,51515
208,11,51515
208,12,51515
209,1,104545
209,2,104545
209,3,104545
209,4,104545
209,5,104545
209,6,104545
209,7,104545
209,8,104545
209,9,104545
209,10,104545
209,11,104545
209,12,104545
210,1,69697
210,2,69697
210,3,69697
210,4,69697
210,5,69697
210,6,69697
210,7,69697
210,8,69697
210,9,69697
210,10,69697
210,11,69697
210,12,69697
211,1,104545
211,2,104545
211,3,104545
211,4,104545
211,5,104545
211,6,104545
211,7,104545
211,8,104545
211,9,104545
211,10,104545
211,11,104545
211,12,104545
212,1,104545
212,2,104545
212,3,104545
212,4,104545
212,5,104545
212,6,104545
212,7,104545
212,8,104545
212,9,104545
212,10,104545
212,11,104545
212,12,104545
213,1,83333
213,2,83333
213,3,83333
213,4,83333
213,5,83333
213,6,83333
213,7,83333
213,8,83333
213,9,83333
213,10,83333
213,11,83333
213,12,83333
214,1,69697
214,2,69697
214,3,69697
214,4,69697
214,5,69697
214,6,69697
214,7,69697
214,8,69697
214,9,69697
214,10,69697
214,11,69697
214,12,69697
215,1,104545
215,2,104545
215,3,104545
215,4,104545
215,5,104545
215,6,104545
215,7,104545
215,8,104545
215,9,104545
215,10,104545
215,11,104545
215,12,104545
216,1,104545
216,2,104545
216,3,104545
216,4,104545
216,5,104545
216,6,104545
216,7,104545
216,8,104545
216,9,104545
216,10,104545
216,11,104545
216,12,104545
217,1,37879
217,2,37879
217,3,37879
217,4,37879
217,5,37879
217,6,37879
217,7,37879
217,8,37879
217,9,37879
217,10,37879
217,11,37879
217,12,37879
218,1,37879
218,2,37879
218,3,37879
218,4,37879
218,5,37879
218,6,37879
218,7,37879
218,8,37879
218,9,37879
218,10,37879
218,11,37879
218,12,37879
219,1,104545
219,2,104545
219,3,104545
219,4,104545
219,5,104545
219,6,104545
219,7,104545
219,8,104545
219,9,104545
219,10,104545
219,11,104545
219,12,104545
220,1,104545
220,2,104545
220,3,104545
220,4,104545
220,5,104545
220,6,104545
220,7,104545
220,8,104545
220,9,104545
220,10,104545
220,11,104545
220,12,104545
221,1,37879
221,2,37879
221,3,37879
221,4,37879
221,5,37879
221,6,37879
221,7,37879
221,8,37879
221,9,37879
221,10,37879
221,11,37879
221,12,37879
222,1,104545
222,2,104545
222,3,104545
222,4,104545
222,5,104545
222,6,104545
222,7,104545
222,8,104545
222,9,104545
222,10,104545
222,11,104545
222,12,104545
223,1,104545
223,2,104545
223,3,104545
223,4,104545
223,5,104545
223,6,104545
223,7,104545
223,8,104545
223,9,104545
223,10,104545
223,11,104545
223,12,104545
224,1,104545
224,2,104545
224,3,104545
224,4,104545
224,5,104545
224,6,104545
224,7,104545
224,8,104545
224,9,104545
224,10,104545
224,11,104545
224,12,104545
225,1,45455
225,2,45455
225,3,45455
225,4,45455
225,5,45455
225,6,45455
225,7,45455
225,8,45455
225,9,45455
225,10,45455
225,11,45455
225,12,45455
226,1,104545
226,2,104545
226,3,104545
226,4,104545
226,5,104545
226,6,104545
226,7,104545
226,8,104545
226,9,104545
226,10,104545
226,11,104545
226,12,104545
227,1,59091
227,2,59091
227,3,59091
227,4,59091
227,5,59091
227,6,59091
227,7,59091
227,8,59091
227,9,59091
227,10,59091
227,11,59091
227,12,59091
228,1,37879
228,2,37879
228,3,37879
228,4,37879
228,5,37879
228,6,37879
228,7,37879
228,8,37879
228,9,37879
228,10,37879
228,11,37879
228,12,37879
229,1,37879
229,2,37879
229,3,37879
229,4,37879
229,5,37879
229,6,37879
229,7,37879
229,8,37879
229,9,37879
229,10,37879
229,11,37879
229,12,37879
230,1,69697
230,2,69697
230,3,69697
230,4,69697
230,5,69697
230,6,69697
230,7,69697
230,8,69697
230,9,69697
230,10,69697
230,11,69697
230,12,69697
231,1,80303
231,2,80303
231,3,80303
231,4,80303
231,5,80303
231,6,80303
231,7,80303
231,8,80303
231,9,80303
231,10,80303
231,11,80303
231,12,80303
232,1,80303
232,2,80303
232,3,80303
232,4,80303
232,5,80303
232,6,80303
232,7,80303
232,8,80303
232,9,80303
232,10,80303
232,11,80303
232,12,80303
233,1,37879
233,2,37879
233,3,37879
233,4,37879
233,5,37879
233,6,37879
233,7,37879
233,8,37879
233,9,37879
233,10,37879
233,11,37879
233,12,37879
234,1,104545
234,2,104545
234,3,104545
234,4,104545
234,5,104545
234,6,104545
234,7,104545
234,8,104545
234,9,104545
234,10,104545
234,11,104545
234,12,104545
235,1,80303
235,2,80303
235,3,80303
235,4,80303
235,5,80303
235,6,80303
235,7,80303
235,8,80303
235,9,80303
235,10,80303
235,11,80303
235,12,80303
236,1,51515
236,2,51515
236,3,51515
236,4,51515
236,5,51515
236,6,51515
236,7,51515
236,8,51515
236,9,51515
236,10,51515
236,11,51515
236,12,51515
237,1,118182
237,2,118182
237,3,118182
237,4,118182
237,5,118182
237,6,118182
237,7,118182
237,8,118182
237,9,118182
237,10,118182
237,11,118182
237,12,118182
238,1,37879
238,2,37879
238,3,37879
238,4,37879
238,5,37879
238,6,37879
238,7,37879
238,8,37879
238,9,37879
238,10,37879
238,11,37879
238,12,37879
239,1,13636
239,2,13636
239,3,13636
239,4,13636
239,5,13636
239,6,13636
239,7,13636
239,8,13636
239,9,13636
239,10,13636
239,11,13636
239,12,13636
240,1,37879
240,2,37879
240,3,37879
240,4,37879
240,5,37879
240,6,37879
240,7,37879
240,8,37879
240,9,37879
240,10,37879
240,11,37879
240,12,37879
241,1,51515
241,2,51515
241,3,51515
241,4,51515
241,5,51515
241,6,51515
241,7,51515
241,8,51515
241,9,51515
241,10,51515
241,11,51515
241,12,51515
242,1,104545
242,2,104545
242,3,104545
242,4,104545
242,5,104545
242,6,104545
242,7,104545
242,8,104545
242,9,104545
242,10,104545
242,11,104545
242,12,104545
243,1,37879
243,2,37879
243,3,37879
243,4,37879
243,5,37879
243,6,37879
243,7,37879
243,8,37879
243,9,37879
243,10,37879
243,11,37879
243,12,37879
244,1,27273
244,2,27273
244,3,27273
244,4,27273
244,5,27273
244,6,27273
244,7,27273
244,8,27273
244,9,27273
244,10,27273
244,11,27273
244,12,27273
245,1,45455
245,2,45455
245,3,45455
245,4,45455
245,5,45455
245,6,45455
245,7,45455
245,8,45455
245,9,45455
245,10,45455
245,11,45455
245,12,45455
246,1,136364
246,2,136364
246,3,136364
246,4,136364
246,5,136364
246,6,136364
246,7,136364
246,8,136364
246,9,136364
246,10,136364
246,11,136364
246,12,136364
247,1,136364
247,2,136364
247,3,136364
247,4,136364
247,5,136364
247,6,136364
247,7,136364
247,8,136364
247,9,136364
247,10,136364
247,11,136364
247,12,136364
248,1,37879
248,2,37879
248,3,37879
248,4,37879
248,5,37879
248,6,37879
248,7,37879
248,8,37879
248,9,37879
248,10,37879
248,11,37879
248,12,37879
249,1,93939
249,2,93939
249,3,93939
249,4,93939
249,5,93939
249,6,93939
249,7,93939
249,8,93939
249,9,93939
249,10,93939
249,11,93939
249,12,93939
250,1,27273
250,2,27273
250,3,27273
250,4,27273
250,5,27273
250,6,27273
250,7,27273
250,8,27273
250,9,27273
250,10,27273
250,11,27273
250,12,27273
251,1,104545
251,2,104545
251,3,104545
251,4,104545
251,5,104545
251,6,104545
251,7,104545
251,8,104545
251,9,104545
251,10,104545
251,11,104545
251,12,104545
252,1,104545
252,2,104545
252,3,104545
252,4,104545
252,5,104545
252,6,104545
252,7,104545
252,8,104545
252,9,104545
252,10,104545
252,11,104545
252,12,104545
253,1,80303
253,2,80303
253,3,80303
253,4,80303
253,5,80303
253,6,80303
253,7,80303
253,8,80303
253,9,80303
253,10,80303
253,11,80303
253,12,80303
254,1,37879
254,2,37879
254,3,37879
254,4,37879
254,5,37879
254,6,37879
254,7,37879
254,8,37879
254,9,37879
254,10,37879
254,11,37879
254,12,37879
255,1,37879
255,2,37879
255,3,37879
255,4,37879
255,5,37879
255,6,37879
255,7,37879
255,8,37879
255,9,37879
255,10,37879
255,11,37879
255,12,37879
256,1,83333
256,2,83333
256,3,83333
256,4,83333
256,5,83333
256,6,83333
256,7,83333
256,8,83333
256,9,83333
256,10,83333
256,11,83333
256,12,83333
257,1,69697
257,2,69697
257,3,69697
257,4,69697
257,5,69697
257,6,69697
257,7,69697
257,8,69697
257,9,69697
257,10,69697
257,11,69697
257,12,69697
258,1,37879
258,2,37879
258,3,37879
258,4,37879
258,5,37879
258,6,37879
258,7,37879
258,8,37879
258,9,37879
258,10,37879
258,11,37879
258,12,37879
259,1,27273
259,2,27273
259,3,27273
259,4,27273
259,5,27273
259,6,27273
259,7,27273
259,8,27273
259,9,27273
259,10,27273
259,11,27273
259,12,27273
260,1,118182
260,2,118182
260,3,118182
260,4,118182
260,5,118182
260,6,118182
260,7,118182
260,8,118182
260,9,118182
260,10,118182
260,11,118182
260,12,118182
261,1,118182
261,2,118182
261,3,118182
261,4,118182
261,5,118182
261,6,118182
261,7,118182
261,8,118182
261,9,118182
261,10,118182
261,11,118182
261,12,118182
262,1,80303
262,2,80303
262,3,80303
262,4,80303
262,5,80303
262,6,80303
262,7,80303
262,8,80303
262,9,80303
262,10,80303
262,11,80303
262,12,80303
263,1,37879
263,2,37879
263,3,37879
263,4,37879
263,5,37879
263,6,37879
263,7,37879
263,8,37879
263,9,37879
263,10,37879
263,11,37879
263,12,37879
264,1,104545
264,2,104545
264,3,104545
264,4,104545
264,5,104545
264,6,104545
264,7,104545
264,8,104545
264,9,104545
264,10,104545
264,11,104545
264,12,104545
265,1,83333
265,2,83333
265,3,83333
265,4,83333
265,5,83333
265,6,83333
265,7,83333
265,8,83333
265,9,83333
265,10,83333
265,11,83333
265,12,83333
266,1,93939
266,2,93939
266,3,93939
266,4,93939
266,5,93939
266,6,93939
266,7,93939
266,8,93939
266,9,93939
266,10,93939
266,11,93939
266,12,93939
267,1,118182
267,2,118182
267,3,118182
267,4,118182
267,5,118182
267,6,118182
267,7,118182
267,8,118182
267,9,118182
267,10,118182
267,11,118182
267,12,118182
268,1,150000
268,2,150000
268,3,150000
268,4,150000
268,5,150000
268,6,150000
268,7,150000
268,8,150000
268,9,150000
268,10,150000
268,11,150000
268,12,150000
269,1,104545
269,2,104545
269,3,104545
269,4,104545
269,5,104545
269,6,104545
269,7,104545
269,8,104545
269,9,104545
269,10,104545
269,11,104545
269,12,104545
270,1,142424
270,2,142424
270,3,142424
270,4,142424
270,5,142424
270,6,142424
270,7,142424
270,8,142424
270,9,142424
270,10,142424
270,11,142424
270,12,142424
271,1,104545
271,2,104545
271,3,104545
271,4,104545
271,5,104545
271,6,104545
271,7,104545
271,8,104545
271,9,104545
271,10,104545
271,11,104545
271,12,104545
272,1,37879
272,2,37879
272,3,37879
272,4,37879
272,5,37879
272,6,37879
272,7,37879
272,8,37879
272,9,37879
272,10,37879
272,11,37879
272,12,37879
273,1,160606
273,2,160606
273,3,160606
273,4,160606
273,5,160606
273,6,160606
273,7,160606
273,8,160606
273,9,160606
273,10,160606
273,11,160606
273,12,160606
274,1,104545
274,2,104545
274,3,104545
274,4,104545
274,5,104545
274,6,104545
274,7,104545
274,8,104545
274,9,104545
274,10,104545
274,11,104545
274,12,104545
275,1,136364
275,2,136364
275,3,136364
275,4,136364
275,5,136364
275,6,136364
275,7,136364
275,8,136364
275,9,136364
275,10,136364
275,11,136364
275,12,136364
276,1,13636
276,2,13636
276,3,13636
276,4,13636
276,5,13636
276,6,13636
276,7,13636
276,8,13636
276,9,13636
276,10,13636
276,11,13636
276,12,13636
277,1,37879
277,2,37879
277,3,37879
277,4,37879
277,5,37879
277,6,37879
277,7,37879
277,8,37879
277,9,37879
277,10,37879
277,11,37879
277,12,37879
278,1,37879
278,2,37879
278,3,37879
278,4,37879
278,5,37879
278,6,37879
278,7,37879
278,8,37879
278,9,37879
278,10,37879
278,11,37879
278,12,37879
279,1,13636
279,2,13636
279,3,13636
279,4,13636
279,5,13636
279,6,13636
279,7,13636
279,8,13636
279,9,13636
279,10,13636
279,11,13636
279,12,13636
280,1,13636
280,2,13636
280,3,13636
280,4,13636
280,5,13636
280,6,13636
280,7,13636
280,8,13636
280,9,13636
280,10,13636
280,11,13636
280,12,13636
281,1,37879
281,2,37879
281,3,37879
281,4,37879
281,5,37879
281,6,37879
281,7,37879
281,8,37879
281,9,37879
281,10,37879
281,11,37879
281,12,37879
282,1,13636
282,2,13636
282,3,13636
282,4,13636
282,5,13636
282,6,13636
282,7,13636
282,8,13636
282,9,13636
282,10,13636
282,11,13636
282,12,13636
283,1,37879
283,2,37879
283,3,37879
283,4,37879
283,5,37879
283,6,37879
283,7,37879
283,8,37879
283,9,37879
283,10,37879
283,11,37879
283,12,37879
284,1,104545
284,2,104545
284,3,104545
284,4,104545
284,5,104545
284,6,104545
284,7,104545
284,8,104545
284,9,104545
284,10,104545
284,11,104545
284,12,104545
285,1,37879
285,2,37879
285,3,37879
285,4,37879
285,5,37879
285,6,37879
285,7,37879
285,8,37879
285,9,37879
285,10,37879
285,11,37879
285,12,37879
286,1,13636
286,2,13636
286,3,13636
286,4,13636
286,5,13636
286,6,13636
286,7,13636
286,8,13636
286,9,13636
286,10,13636
286,11,13636
286,12,13636
287,1,80303
287,2,80303
287,3,80303
287,4,80303
287,5,80303
287,6,80303
287,7,80303
287,8,80303
287,9,80303
287,10,80303
287,11,80303
287,12,80303
288,1,13636
288,2,13636
288,3,13636
288,4,13636
288,5,13636
288,6,13636
288,7,13636
288,8,13636
288,9,13636
288,10,13636
288,11,13636
288,12,13636
289,1,136364
289,2,136364
289,3,136364
289,4,136364
289,5,136364
289,6,136364
289,7,136364
289,8,136364
289,9,136364
289,10,136364
289,11,136364
289,12,136364
290,1,136364
290,2,136364
290,3,136364
290,4,136364
290,5,136364
290,6,136364
290,7,136364
290,8,136364
290,9,136364
290,10,136364
290,11,136364
290,12,136364
291,1,37879
291,2,37879
291,3,37879
291,4,37879
291,5,37879
291,6,37879
291,7,37879
291,8,37879
291,9,37879
291,10,37879
291,11,37879
291,12,37879
292,1,13636
292,2,13636
292,3,13636
292,4,13636
292,5,13636
292,6,13636
292,7,13636
292,8,13636
292,9,13636
292,10,13636
292,11,13636
292,12,13636
293,1,104545
293,2,104545
293,3,104545
293,4,104545
293,5,104545
293,6,104545
293,7,104545
293,8,104545
293,9,104545
293,10,104545
293,11,104545
293,12,104545
294,1,104545
294,2,104545
294,3,104545
294,4,104545
294,5,104545
294,6,104545
294,7,104545
294,8,104545
294,9,104545
294,10,104545
294,11,104545
294,12,104545
295,1,112121
295,2,112121
295,3,112121
295,4,112121
295,5,112121
295,6,112121
295,7,112121
295,8,112121
295,9,112121
295,10,112121
295,11,112121
295,12,112121
296,1,37879
296,2,37879
296,3,37879
296,4,37879
296,5,37879
296,6,37879
296,7,37879
296,8,37879
296,9,37879
296,10,37879
296,11,37879
296,12,37879
297,1,104545
297,2,104545
297,3,104545
297,4,104545
297,5,104545
297,6,104545
297,7,104545
297,8,104545
297,9,104545
297,10,104545
297,11,104545
297,12,104545
298,1,80303
298,2,80303
298,3,80303
298,4,80303
298,5,80303
298,6,80303
298,7,80303
298,8,80303
298,9,80303
298,10,80303
298,11,80303
298,12,80303
299,1,80303
299,2,80303
299,3,80303
299,4,80303
299,5,80303
299,6,80303
299,7,80303
299,8,80303
299,9,80303
299,10,80303
299,11,80303
299,12,80303
300,1,37879
300,2,37879
300,3,37879
300,4,37879
300,5,37879
300,6,37879
300,7,37879
300,8,37879
300,9,37879
300,10,37879
300,11,37879
300,12,37879
301,1,69697
301,2,69697
301,3,69697
301,4,69697
301,5,69697
301,6,69697
301,7,69697
301,8,69697
301,9,69697
301,10,69697
301,11,69697
301,12,69697
302,1,37879
302,2,37879
302,3,37879
302,4,37879
302,5,37879
302,6,37879
302,7,37879
302,8,37879
302,9,37879
302,10,37879
302,11,37879
302,12,37879
303,1,118182
303,2,118182
303,3,118182
303,4,118182
303,5,118182
303,6,118182
303,7,118182
303,8,118182
303,9,118182
303,10,118182
303,11,118182
303,12,118182
304,1,37879
304,2,37879
304,3,37879
304,4,37879
304,5,37879
304,6,37879
304,7,37879
304,8,37879
304,9,37879
304,10,37879
304,11,37879
304,12,37879
305,1,104545
305,2,104545
305,3,104545
305,4,104545
305,5,104545
305,6,104545
305,7,104545
305,8,104545
305,9,104545
305,10,104545
305,11,104545
305,12,104545
306,1,27273
306,2,27273
306,3,27273
306,4,27273
306,5,27273
306,6,27273
306,7,27273
306,8,27273
306,9,27273
306,10,27273
306,11,27273
306,12,27273
307,1,37879
307,2,37879
307,3,37879
307,4,37879
307,5,37879
307,6,37879
307,7,37879
307,8,37879
307,9,37879
307,10,37879
307,11,37879
307,12,37879
308,1,45455
308,2,45455
308,3,45455
308,4,45455
308,5,45455
308,6,45455
308,7,45455
308,8,45455
308,9,45455
308,10,45455
308,11,45455
308,12,45455
309,1,104545
309,2,104545
309,3,104545
309,4,104545
309,5,104545
309,6,104545
309,7,104545
309,8,104545
309,9,104545
309,10,104545
309,11,104545
309,12,104545
310,1,37879
310,2,37879
310,3,37879
310,4,37879
310,5,37879
310,6,37879
310,7,37879
310,8,37879
310,9,37879
310,10,37879
310,11,37879
310,12,37879
311,1,69697
311,2,69697
311,3,69697
311,4,69697
311,5,69697
311,6,69697
311,7,69697
311,8,69697
311,9,69697
311,10,69697
311,11,69697
311,12,69697
312,1,13636
312,2,13636
312,3,13636
312,4,13636
312,5,13636
312,6,13636
312,7,13636
312,8,13636
312,9,13636
312,10,13636
312,11,13636
312,12,13636
313,1,104545
313,2,104545
313,3,104545
313,4,104545
313,5,104545
313,6,104545
313,7,104545
313,8,104545
313,9,104545
313,10,104545
313,11,104545
313,12,104545
314,1,150000
314,2,150000
314,3,150000
314,4,150000
314,5,150000
314,6,150000
314,7,150000
314,8,150000
314,9,150000
314,10,150000
314,11,150000
314,12,150000
315,1,83333
315,2,83333
315,3,83333
315,4,83333
315,5,83333
315,6,83333
315,7,83333
315,8,83333
315,9,83333
315,10,83333
315,11,83333
315,12,83333
316,1,27273
316,2,27273
316,3,27273
316,4,27273
316,5,27273
316,6,27273
316,7,27273
316,8,27273
316,9,27273
316,10,27273
316,11,27273
316,12,27273
317,1,37879
317,2,37879
317,3,37879
317,4,37879
317,5,37879
317,6,37879
317,7,37879
317,8,37879
317,9,37879
317,10,37879
317,11,37879
317,12,37879
318,1,118182
318,2,118182
318,3,118182
318,4,118182
318,5,118182
318,6,118182
318,7,118182
318,8,118182
318,9,118182
318,10,118182
318,11,118182
318,12,118182
319,1,59091
319,2,59091
319,3,59091
319,4,59091
319,5,59091
319,6,59091
319,7,59091
319,8,59091
319,9,59091
319,10,59091
319,11,59091
319,12,59091
320,1,93939
320,2,93939
320,3,93939
320,4,93939
320,5,93939
320,6,93939
320,7,93939
320,8,93939
320,9,93939
320,10,93939
320,11,93939
320,12,93939
321,1,37879
321,2,37879
321,3,37879
321,4,37879
321,5,37879
321,6,37879
321,7,37879
321,8,37879
321,9,37879
321,10,37879
321,11,37879
321,12,37879
322,1,37879
322,2,37879
322,3,37879
322,4,37879
322,5,37879
322,6,37879
322,7,37879
322,8,37879
322,9,37879
322,10,37879
322,11,37879
322,12,37879
323,1,150000
323,2,150000
323,3,150000
323,4,150000
323,5,150000
323,6,150000
323,7,150000
323,8,150000
323,9,150000
323,10,150000
323,11,150000
323,12,150000
324,1,37879
324,2,37879
324,3,37879
324,4,37879
324,5,37879
324,6,37879
324,7,37879
324,8,37879
324,9,37879
324,10,37879
324,11,37879
324,12,37879
325,1,51515
325,2,51515
325,3,51515
325,4,51515
325,5,51515
325,6,51515
325,7,51515
325,8,51515
325,9,51515
325,10,51515
325,11,51515
325,12,51515
326,1,142424
326,2,142424
326,3,142424
326,4,142424
326,5,142424
326,6,142424
326,7,142424
326,8,142424
326,9,142424
326,10,142424
326,11,142424
326,12,142424
327,1,37879
327,2,37879
327,3,37879
327,4,37879
327,5,37879
327,6,37879
327,7,37879
327,8,37879
327,9,37879
327,10,37879
327,11,37879
327,12,37879
328,1,104545
328,2,104545
328,3,104545
328,4,104545
328,5,104545
328,6,104545
328,7,104545
328,8,104545
328,9,104545
328,10,104545
328,11,104545
328,12,104545
329,1,118182
329,2,118182
329,3,118182
329,4,118182
329,5,118182
329,6,118182
329,7,118182
329,8,118182
329,9,118182
329,10,118182
329,11,118182
329,12,118182
330,1,104545
330,2,104545
330,3,104545
330,4,104545
330,5,104545
330,6,104545
330,7,104545
330,8,104545
330,9,104545
330,10,104545
330,11,104545
330,12,104545
331,1,104545
331,2,104545
331,3,104545
331,4,104545
331,5,104545
331,6,104545
331,7,104545
331,8,104545
331,9,104545
331,10,104545
331,11,104545
331,12,104545
332,1,37879
332,2,37879
332,3,37879
332,4,37879
332,5,37879
332,6,37879
332,7,37879
332,8,37879
332,9,37879
332,10,37879
332,11,37879
332,12,37879
333,1,150000
333,2,150000
333,3,150000
333,4,150000
333,5,150000
333,6,150000
333,7,150000
333,8,150000
333,9,150000
333,10,150000
333,11,150000
333,12,150000
334,1,104545
334,2,104545
334,3,104545
334,4,104545
334,5,104545
334,6,104545
334,7,104545
334,8,104545
334,9,104545
334,10,104545
334,11,104545
334,12,104545
335,1,51515
335,2,51515
335,3,51515
335,4,51515
335,5,51515
335,6,51515
335,7,51515
335,8,51515
335,9,51515
335,10,51515
335,11,51515
335,12,51515
336,1,118182
336,2,118182
336,3,118182
336,4,118182
336,5,118182
336,6,118182
336,7,118182
336,8,118182
336,9,118182
336,10,118182
336,11,118182
336,12,118182
337,1,51515
337,2,51515
337,3,51515
337,4,51515
337,5,51515
337,6,51515
337,7,51515
337,8,51515
337,9,51515
337,10,51515
337,11,51515
337,12,51515
338,1,136364
338,2,136364
338,3,136364
338,4,136364
338,5,136364
338,6,136364
338,7,136364
338,8,136364
338,9,136364
338,10,136364
338,11,136364
338,12,136364
339,1,118182
339,2,118182
339,3,118182
339,4,118182
339,5,118182
339,6,118182
339,7,118182
339,8,118182
339,9,118182
339,10,118182
339,11,118182
339,12,118182
340,1,150000
340,2,150000
340,3,150000
340,4,150000
340,5,150000
340,6,150000
340,7,150000
340,8,150000
340,9,150000
340,10,150000
340,11,150000
340,12,150000
341,1,51515
341,2,51515
341,3,51515
341,4,51515
341,5,51515
341,6,51515
341,7,51515
341,8,51515
341,9,51515
341,10,51515
341,11,51515
341,12,51515
342,1,80303
342,2,80303
342,3,80303
342,4,80303
342,5,80303
342,6,80303
342,7,80303
342,8,80303
342,9,80303
342,10,80303
342,11,80303
342,12,80303
343,1,13636
343,2,13636
343,3,13636
343,4,13636
343,5,13636
343,6,13636
343,7,13636
343,8,13636
343,9,13636
343,10,13636
343,11,13636
343,12,13636
344,1,13636
344,2,13636
344,3,13636
344,4,13636
344,5,13636
344,6,13636
344,7,13636
344,8,13636
344,9,13636
344,10,13636
344,11,13636
344,12,13636
345,1,37879
345,2,37879
345,3,37879
345,4,37879
345,5,37879
345,6,37879
345,7,37879
345,8,37879
345,9,37879
345,10,37879
345,11,37879
345,12,37879
346,1,37879
346,2,37879
346,3,37879
346,4,37879
346,5,37879
346,6,37879
346,7,37879
346,8,37879
346,9,37879
346,10,37879
346,11,37879
346,12,37879
347,1,69697
347,2,69697
347,3,69697
347,4,69697
347,5,69697
347,6,69697
347,7,69697
347,8,69697
347,9,69697
347,10,69697
347,11,69697
347,12,69697
348,1,51515
348,2,51515
348,3,51515
348,4,51515
348,5,51515
348,6,51515
348,7,51515
348,8,51515
348,9,51515
348,10,51515
348,11,51515
348,12,51515
349,1,13636
349,2,13636
349,3,13636
349,4,13636
349,5,13636
349,6,13636
349,7,13636
349,8,13636
349,9,13636
349,10,13636
349,11,13636
349,12,13636
350,1,104545
350,2,104545
350,3,104545
350,4,104545
350,5,104545
350,6,104545
350,7,104545
350,8,104545
350,9,104545
350,10,104545
350,11,104545
350,12,104545
351,1,80303
351,2,80303
351,3,80303
351,4,80303
351,5,80303
351,6,80303
351,7,80303
351,8,80303
351,9,80303
351,10,80303
351,11,80303
351,12,80303
352,1,104545
352,2,104545
352,3,104545
352,4,104545
352,5,104545
352,6,104545
352,7,104545
352,8,104545
352,9,104545
352,10,104545
352,11,104545
352,12,104545
353,1,51515
353,2,51515
353,3,51515
353,4,51515
353,5,51515
353,6,51515
353,7,51515
353,8,51515
353,9,51515
353,10,51515
353,11,51515
353,12,51515
354,1,104545
354,2,104545
354,3,104545
354,4,104545
354,5,104545
354,6,104545
354,7,104545
354,8,104545
354,9,104545
354,10,104545
354,11,104545
354,12,104545
355,1,150000
355,2,150000
355,3,150000
355,4,150000
355,5,150000
355,6,150000
355,7,150000
355,8,150000
355,9,150000
355,10,150000
355,11,150000
355,12,150000
356,1,136364
356,2,136364
356,3,136364
356,4,136364
356,5,136364
356,6,136364
356,7,136364
356,8,136364
356,9,136364
356,10,136364
356,11,136364
356,12,136364
357,1,51515
357,2,51515
357,3,51515
357,4,51515
357,5,51515
357,6,51515
357,7,51515
357,8,51515
357,9,51515
357,10,51515
357,11,51515
357,12,51515
358,1,37879
358,2,37879
358,3,37879
358,4,37879
358,5,37879
358,6,37879
358,7,37879
358,8,37879
358,9,37879
358,10,37879
358,11,37879
358,12,37879
359,1,104545
359,2,104545
359,3,104545
359,4,104545
359,5,104545
359,6,104545
359,7,104545
359,8,104545
359,9,104545
359,10,104545
359,11,104545
359,12,104545
360,1,104545
360,2,104545
360,3,104545
360,4,104545
360,5,104545
360,6,104545
360,7,104545
360,8,104545
360,9,104545
360,10,104545
360,11,104545
360,12,104545
361,1,45455
361,2,45455
361,3,45455
361,4,45455
361,5,45455
361,6,45455
361,7,45455
361,8,45455
361,9,45455
361,10,45455
361,11,45455
361,12,45455
362,1,104545
362,2,104545
362,3,104545
362,4,104545
362,5,104545
362,6,104545
362,7,104545
362,8,104545
362,9,104545
362,10,104545
362,11,104545
362,12,104545
363,1,104545
363,2,104545
363,3,104545
363,4,104545
363,5,104545
363,6,104545
363,7,104545
363,8,104545
363,9,104545
363,10,104545
363,11,104545
363,12,104545
364,1,104545
364,2,104545
364,3,104545
364,4,104545
364,5,104545
364,6,104545
364,7,104545
364,8,104545
364,9,104545
364,10,104545
364,11,104545
364,12,104545
365,1,80303
365,2,80303
365,3,80303
365,4,80303
365,5,80303
365,6,80303
365,7,80303
365,8,80303
365,9,80303
365,10,80303
365,11,80303
365,12,80303
366,1,136364
366,2,136364
366,3,136364
366,4,136364
366,5,136364
366,6,136364
366,7,136364
366,8,136364
366,9,136364
366,10,136364
366,11,136364
366,12,136364
367,1,104545
367,2,104545
367,3,104545
367,4,104545
367,5,104545
367,6,104545
367,7,104545
367,8,104545
367,9,104545
367,10,104545
367,11,104545
367,12,104545
368,1,37879
368,2,37879
368,3,37879
368,4,37879
368,5,37879
368,6,37879
368,7,37879
368,8,37879
368,9,37879
368,10,37879
368,11,37879
368,12,37879
369,1,37879
369,2,37879
369,3,37879
369,4,37879
369,5,37879
369,6,37879
369,7,37879
369,8,37879
369,9,37879
369,10,37879
369,11,37879
369,12,37879
370,1,37879
370,2,37879
370,3,37879
370,4,37879
370,5,37879
370,6,37879
370,7,37879
370,8,37879
370,9,37879
370,10,37879
370,11,37879
370,12,37879
371,1,13636
371,2,13636
371,3,13636
371,4,13636
371,5,13636
371,6,13636
371,7,13636
371,8,13636
371,9,13636
371,10,13636
371,11,13636
371,12,13636
372,1,37879
372,2,37879
372,3,37879
372,4,37879
372,5,37879
372,6,37879
372,7,37879
372,8,37879
372,9,37879
372,10,37879
372,11,37879
372,12,37879
373,1,136364
373,2,136364
373,3,136364
373,4,136364
373,5,136364
373,6,136364
373,7,136364
373,8,136364
373,9,136364
373,10,136364
373,11,136364
373,12,136364
374,1,37879
374,2,37879
374,3,37879
374,4,37879
374,5,37879
374,6,37879
374,7,37879
374,8,37879
374,9,37879
374,10,37879
374,11,37879
374,12,37879
375,1,37879
375,2,37879
375,3,37879
375,4,37879
375,5,37879
375,6,37879
375,7,37879
375,8,37879
375,9,37879
375,10,37879
375,11,37879
375,12,37879
376,1,80303
376,2,80303
376,3,80303
376,4,80303
376,5,80303
376,6,80303
376,7,80303
376,8,80303
376,9,80303
376,10,80303
376,11,80303
376,12,80303
377,1,51515
377,2,51515
377,3,51515
377,4,51515
377,5,51515
377,6,51515
377,7,51515
377,8,51515
377,9,51515
377,10,51515
377,11,51515
377,12,51515
378,1,37879
378,2,37879
378,3,37879
378,4,37879
378,5,37879
378,6,37879
378,7,37879
378,8,37879
378,9,37879
378,10,37879
378,11,37879
378,12,37879
379,1,37879
379,2,37879
379,3,37879
379,4,37879
379,5,37879
379,6,37879
379,7,37879
379,8,37879
379,9,37879
379,10,37879
379,11,37879
379,12,37879
380,1,37879
380,2,37879
380,3,37879
380,4,37879
380,5,37879
380,6,37879
380,7,37879
380,8,37879
380,9,37879
380,10,37879
380,11,37879
380,12,37879
381,1,93939
381,2,93939
381,3,93939
381,4,93939
381,5,93939
381,6,93939
381,7,93939
381,8,93939
381,9,93939
381,10,93939
381,11,93939
381,12,93939
382,1,45455
382,2,45455
382,3,45455
382,4,45455
382,5,45455
382,6,45455
382,7,45455
382,8,45455
382,9,45455
382,10,45455
382,11,45455
382,12,45455
383,1,136364
383,2,136364
383,3,136364
383,4,136364
383,5,136364
383,6,136364
383,7,136364
383,8,136364
383,9,136364
383,10,136364
383,11,136364
383,12,136364
384,1,13636
384,2,13636
384,3,13636
384,4,13636
384,5,13636
384,6,13636
384,7,13636
384,8,13636
384,9,13636
384,10,13636
384,11,13636
384,12,13636
385,1,37879
385,2,37879
385,3,37879
385,4,37879
385,5,37879
385,6,37879
385,7,37879
385,8,37879
385,9,37879
385,10,37879
385,11,37879
385,12,37879
386,1,37879
386,2,37879
386,3,37879
386,4,37879
386,5,37879
386,6,37879
386,7,37879
386,8,37879
386,9,37879
386,10,37879
386,11,37879
386,12,37879
387,1,93939
387,2,93939
387,3,93939
387,4,93939
387,5,93939
387,6,93939
387,7,93939
387,8,93939
387,9,93939
387,10,93939
387,11,93939
387,12,93939
388,1,136364
388,2,136364
388,3,136364
388,4,136364
388,5,136364
388,6,136364
388,7,136364
388,8,136364
388,9,136364
388,10,136364
388,11,136364
388,12,136364
389,1,150000
389,2,150000
389,3,150000
389,4,150000
389,5,150000
389,6,150000
389,7,150000
389,8,150000
389,9,150000
389,10,150000
389,11,150000
389,12,150000
390,1,13636
390,2,13636
390,3,13636
390,4,13636
390,5,13636
390,6,13636
390,7,13636
390,8,13636
390,9,13636
390,10,13636
390,11,13636
390,12,13636
391,1,27273
391,2,27273
391,3,27273
391,4,27273
391,5,27273
391,6,27273
391,7,27273
391,8,27273
391,9,27273
391,10,27273
391,11,27273
391,12,27273
392,1,37879
392,2,37879
392,3,37879
392,4,37879
392,5,37879
392,6,37879
392,7,37879
392,8,37879
392,9,37879
392,10,37879
392,11,37879
392,12,37879
393,1,80303
393,2,80303
393,3,80303
393,4,80303
393,5,80303
393,6,80303
393,7,80303
393,8,80303
393,9,80303
393,10,80303
393,11,80303
393,12,80303
394,1,13636
394,2,13636
394,3,13636
394,4,13636
394,5,13636
394,6,13636
394,7,13636
394,8,13636
394,9,13636
394,10,13636
394,11,13636
394,12,13636
395,1,104545
395,2,104545
395,3,104545
395,4,104545
395,5,104545
395,6,104545
395,7,104545
395,8,104545
395,9,104545
395,10,104545
395,11,104545
395,12,104545
396,1,13636
396,2,13636
396,3,13636
396,4,13636
396,5,13636
396,6,13636
396,7,13636
396,8,13636
396,9,13636
396,10,13636
396,11,13636
396,12,13636
397,1,104545
397,2,104545
397,3,104545
397,4,104545
397,5,104545
397,6,104545
397,7,104545
397,8,104545
397,9,104545
397,10,104545
397,11,104545
397,12,104545
398,1,45455
398,2,45455
398,3,45455
398,4,45455
398,5,45455
398,6,45455
398,7,45455
398,8,45455
398,9,45455
398,10,45455
398,11,45455
398,12,45455
399,1,51515
399,2,51515
399,3,51515
399,4,51515
399,5,51515
399,6,51515
399,7,51515
399,8,51515
399,9,51515
399,10,51515
399,11,51515
399,12,51515
400,1,80303
400,2,80303
400,3,80303
400,4,80303
400,5,80303
400,6,80303
400,7,80303
400,8,80303
400,9,80303
400,10,80303
400,11,80303
400,12,80303
401,1,93939
401,2,93939
401,3,93939
401,4,93939
401,5,93939
401,6,93939
401,7,93939
401,8,93939
401,9,93939
401,10,93939
401,11,93939
401,12,93939
402,1,37879
402,2,37879
402,3,37879
402,4,37879
402,5,37879
402,6,37879
402,7,37879
402,8,37879
402,9,37879
402,10,37879
402,11,37879
402,12,37879
403,1,69697
403,2,69697
403,3,69697
403,4,69697
403,5,69697
403,6,69697
403,7,69697
403,8,69697
403,9,69697
403,10,69697
403,11,69697
403,12,69697
404,1,37879
404,2,37879
404,3,37879
404,4,37879
404,5,37879
404,6,37879
404,7,37879
404,8,37879
404,9,37879
404,10,37879
404,11,37879
404,12,37879
405,1,112121
405,2,112121
405,3,112121
405,4,112121
405,5,112121
405,6,112121
405,7,112121
405,8,112121
405,9,112121
405,10,112121
405,11,112121
405,12,112121
406,1,80303
406,2,80303
406,3,80303
406,4,80303
406,5,80303
406,6,80303
406,7,80303
406,8,80303
406,9,80303
406,10,80303
406,11,80303
406,12,80303
407,1,27273
407,2,27273
407,3,27273
407,4,27273
407,5,27273
407,6,27273
407,7,27273
407,8,27273
407,9,27273
407,10,27273
407,11,27273
407,12,27273
408,1,37879
408,2,37879
408,3,37879
408,4,37879
408,5,37879
408,6,37879
408,7,37879
408,8,37879
408,9,37879
408,10,37879
408,11,37879
408,12,37879
409,1,80303
409,2,80303
409,3,80303
409,4,80303
409,5,80303
409,6,80303
409,7,80303
409,8,80303
409,9,80303
409,10,80303
409,11,80303
409,12,80303
410,1,51515
410,2,51515
410,3,51515
410,4,51515
410,5,51515
410,6,51515
410,7,51515
410,8,51515
410,9,51515
410,10,51515
410,11,51515
410,12,51515
411,1,104545
411,2,104545
411,3,104545
411,4,104545
411,5,104545
411,6,104545
411,7,104545
411,8,104545
411,9,104545
411,10,104545
411,11,104545
411,12,104545
412,1,37879
412,2,37879
412,3,37879
412,4,37879
412,5,37879
412,6,37879
412,7,37879
412,8,37879
412,9,37879
412,10,37879
412,11,37879
412,12,37879
413,1,37879
413,2,37879
413,3,37879
413,4,37879
413,5,37879
413,6,37879
413,7,37879
413,8,37879
413,9,37879
413,10,37879
413,11,37879
413,12,37879
414,1,104545
414,2,104545
414,3,104545
414,4,104545
414,5,104545
414,6,104545
414,7,104545
414,8,104545
414,9,104545
414,10,104545
414,11,104545
414,12,104545
415,1,45455
415,2,45455
415,3,45455
415,4,45455
415,5,45455
415,6,45455
415,7,45455
415,8,45455
415,9,45455
415,10,45455
415,11,45455
415,12,45455
416,1,93939
416,2,93939
416,3,93939
416,4,93939
416,5,93939
416,6,93939
416,7,93939
416,8,93939
416,9,93939
416,10,93939
416,11,93939
416,12,93939
417,1,37879
417,2,37879
417,3,37879
417,4,37879
417,5,37879
417,6,37879
417,7,37879
417,8,37879
417,9,37879
417,10,37879
417,11,37879
417,12,37879
418,1,37879
418,2,37879
418,3,37879
418,4,37879
418,5,37879
418,6,37879
418,7,37879
418,8,37879
418,9,37879
418,10,37879
418,11,37879
418,12,37879
419,1,51515
419,2,51515
419,3,51515
419,4,51515
419,5,51515
419,6,51515
419,7,51515
419,8,51515
419,9,51515
419,10,51515
419,11,51515
419,12,51515
420,1,69697
420,2,69697
420,3,69697
420,4,69697
420,5,69697
420,6,69697
420,7,69697
420,8,69697
420,9,69697
420,10,69697
420,11,69697
420,12,69697
421,1,93939
421,2,93939
421,3,93939
421,4,93939
421,5,93939
421,6,93939
421,7,93939
421,8,93939
421,9,93939
421,10,93939
421,11,93939
421,12,93939
422,1,125758
422,2,125758
422,3,125758
422,4,125758
422,5,125758
422,6,125758
422,7,125758
422,8,125758
422,9,125758
422,10,125758
422,11,125758
422,12,125758
423,1,13636
423,2,13636
423,3,13636
423,4,13636
423,5,13636
423,6,13636
423,7,13636
423,8,13636
423,9,13636
423,10,13636
423,11,13636
423,12,13636
424,1,118182
424,2,118182
424,3,118182
424,4,118182
424,5,118182
424,6,118182
424,7,118182
424,8,118182
424,9,118182
424,10,118182
424,11,118182
424,12,118182
425,1,150000
425,2,150000
425,3,150000
425,4,150000
425,5,150000
425,6,150000
425,7,150000
425,8,150000
425,9,150000
425,10,150000
425,11,150000
425,12,150000
426,1,51515
426,2,51515
426,3,51515
426,4,51515
426,5,51515
426,6,51515
426,7,51515
426,8,51515
426,9,51515
426,10,51515
426,11,51515
426,12,51515
427,1,118182
427,2,118182
427,3,118182
427,4,118182
427,5,118182
427,6,118182
427,7,118182
427,8,118182
427,9,118182
427,10,118182
427,11,118182
427,12,118182
428,1,45455
428,2,45455
428,3,45455
428,4,45455
428,5,45455
428,6,45455
428,7,45455
428,8,45455
428,9,45455
428,10,45455
428,11,45455
428,12,45455
429,1,37879
429,2,37879
429,3,37879
429,4,37879
429,5,37879
429,6,37879
429,7,37879
429,8,37879
429,9,37879
429,10,37879
429,11,37879
429,12,37879
430,1,27273
430,2,27273
430,3,27273
430,4,27273
430,5,27273
430,6,27273
430,7,27273
430,8,27273
430,9,27273
430,10,27273
430,11,27273
430,12,27273
431,1,51515
431,2,51515
431,3,51515
431,4,51515
431,5,51515
431,6,51515
431,7,51515
431,8,51515
431,9,51515
431,10,51515
431,11,51515
431,12,51515
432,1,37879
432,2,37879
432,3,37879
432,4,37879
432,5,37879
432,6,37879
432,7,37879
432,8,37879
432,9,37879
432,10,37879
432,11,37879
432,12,37879
433,1,37879
433,2,37879
433,3,37879
433,4,37879
433,5,37879
433,6,37879
433,7,37879
433,8,37879
433,9,37879
433,10,37879
433,11,37879
433,12,37879
434,1,118182
434,2,118182
434,3,118182
434,4,118182
434,5,118182
434,6,118182
434,7,118182
434,8,118182
434,9,118182
434,10,118182
434,11,118182
434,12,118182
435,1,13636
435,2,13636
435,3,13636
435,4,13636
435,5,13636
435,6,13636
435,7,13636
435,8,13636
435,9,13636
435,10,13636
435,11,13636
435,12,13636
436,1,37879
436,2,37879
436,3,37879
436,4,37879
436,5,37879
436,6,37879
436,7,37879
436,8,37879
436,9,37879
436,10,37879
436,11,37879
436,12,37879
437,1,37879
437,2,37879
437,3,37879
437,4,37879
437,5,37879
437,6,37879
437,7,37879
437,8,37879
437,9,37879
437,10,37879
437,11,37879
437,12,37879
438,1,13636
438,2,13636
438,3,13636
438,4,13636
438,5,13636
438,6,13636
438,7,13636
438,8,13636
438,9,13636
438,10,13636
438,11,13636
438,12,13636
439,1,104545
439,2,104545
439,3,104545
439,4,104545
439,5,104545
439,6,104545
439,7,104545
439,8,104545
439,9,104545
439,10,104545
439,11,104545
439,12,104545
440,1,37879
440,2,37879
440,3,37879
440,4,37879
440,5,37879
440,6,37879
440,7,37879
440,8,37879
440,9,37879
440,10,37879
440,11,37879
440,12,37879
441,1,125758
441,2,125758
441,3,125758
441,4,125758
441,5,125758
441,6,125758
441,7,125758
441,8,125758
441,9,125758
441,10,125758
441,11,125758
441,12,125758
442,1,104545
442,2,104545
442,3,104545
442,4,104545
442,5,104545
442,6,104545
442,7,104545
442,8,104545
442,9,104545
442,10,104545
442,11,104545
442,12,104545
443,1,51515
443,2,51515
443,3,51515
443,4,51515
443,5,51515
443,6,51515
443,7,51515
443,8,51515
443,9,51515
443,10,51515
443,11,51515
443,12,51515
444,1,104545
444,2,104545
444,3,104545
444,4,104545
444,5,104545
444,6,104545
444,7,104545
444,8,104545
444,9,104545
444,10,104545
444,11,104545
444,12,104545
445,1,83333
445,2,83333
445,3,83333
445,4,83333
445,5,83333
445,6,83333
445,7,83333
445,8,83333
445,9,83333
445,10,83333
445,11,83333
445,12,83333
446,1,93939
446,2,93939
446,3,93939
446,4,93939
446,5,93939
446,6,93939
446,7,93939
446,8,93939
446,9,93939
446,10,93939
446,11,93939
446,12,93939
447,1,118182
447,2,118182
447,3,118182
447,4,118182
447,5,118182
447,6,118182
447,7,118182
447,8,118182
447,9,118182
447,10,118182
447,11,118182
447,12,118182
448,1,37879
448,2,37879
448,3,37879
448,4,37879
448,5,37879
448,6,37879
448,7,37879
448,8,37879
448,9,37879
448,10,37879
448,11,37879
448,12,37879
449,1,112121
449,2,112121
449,3,112121
449,4,112121
449,5,112121
449,6,112121
449,7,112121
449,8,112121
449,9,112121
449,10,112121
449,11,112121
449,12,112121
450,1,13636
450,2,13636
450,3,13636
450,4,13636
450,5,13636
450,6,13636
450,7,13636
450,8,13636
450,9,13636
450,10,13636
450,11,13636
450,12,13636
451,1,69697
451,2,69697
451,3,69697
451,4,69697
451,5,69697
451,6,69697
451,7,69697
451,8,69697
451,9,69697
451,10,69697
451,11,69697
451,12,69697
452,1,104545
452,2,104545
452,3,104545
452,4,104545
452,5,104545
452,6,104545
452,7,104545
452,8,104545
452,9,104545
452,10,104545
452,11,104545
452,12,104545
453,1,118182
453,2,118182
453,3,118182
453,4,118182
453,5,118182
453,6,118182
453,7,118182
453,8,118182
453,9,118182
453,10,118182
453,11,118182
453,12,118182
454,1,128788
454,2,128788
454,3,128788
454,4,128788
454,5,128788
454,6,128788
454,7,128788
454,8,128788
454,9,128788
454,10,128788
454,11,128788
454,12,128788
455,1,51515
455,2,51515
455,3,51515
455,4,51515
455,5,51515
455,6,51515
455,7,51515
455,8,51515
455,9,51515
455,10,51515
455,11,51515
455,12,51515
456,1,160606
456,2,160606
456,3,160606
456,4,160606
456,5,160606
456,6,160606
456,7,160606
456,8,160606
456,9,160606
456,10,160606
456,11,160606
456,12,160606
457,1,118182
457,2,118182
457,3,118182
457,4,118182
457,5,118182
457,6,118182
457,7,118182
457,8,118182
457,9,118182
457,10,118182
457,11,118182
457,12,118182
458,1,150000
458,2,150000
458,3,150000
458,4,150000
458,5,150000
458,6,150000
458,7,150000
458,8,150000
458,9,150000
458,10,150000
458,11,150000
458,12,150000
459,1,118182
459,2,118182
459,3,118182
459,4,118182
459,5,118182
459,6,118182
459,7,118182
459,8,118182
459,9,118182
459,10,118182
459,11,118182
459,12,118182
460,1,62121
460,2,62121
460,3,62121
460,4,62121
460,5,62121
460,6,62121
460,7,62121
460,8,62121
460,9,62121
460,10,62121
460,11,62121
460,12,62121
461,1,104545
461,2,104545
461,3,104545
461,4,104545
461,5,104545
461,6,104545
461,7,104545
461,8,104545
461,9,104545
461,10,104545
461,11,104545
461,12,104545
462,1,150000
462,2,150000
462,3,150000
462,4,150000
462,5,150000
462,6,150000
462,7,150000
462,8,150000
462,9,150000
462,10,150000
462,11,150000
462,12,150000
463,1,104545
463,2,104545
463,3,104545
463,4,104545
463,5,104545
463,6,104545
463,7,104545
463,8,104545
463,9,104545
463,10,104545
463,11,104545
463,12,104545
464,1,104545
464,2,104545
464,3,104545
464,4,104545
464,5,104545
464,6,104545
464,7,104545
464,8,104545
464,9,104545
464,10,104545
464,11,104545
464,12,104545
465,1,37879
465,2,37879
465,3,37879
465,4,37879
465,5,37879
465,6,37879
465,7,37879
465,8,37879
465,9,37879
465,10,37879
465,11,37879
465,12,37879
466,1,37879
466,2,37879
466,3,37879
466,4,37879
466,5,37879
466,6,37879
466,7,37879
466,8,37879
466,9,37879
466,10,37879
466,11,37879
466,12,37879
467,1,69697
467,2,69697
467,3,69697
467,4,69697
467,5,69697
467,6,69697
467,7,69697
467,8,69697
467,9,69697
467,10,69697
467,11,69697
467,12,69697
468,1,37879
468,2,37879
468,3,37879
468,4,37879
468,5,37879
468,6,37879
468,7,37879
468,8,37879
468,9,37879
468,10,37879
468,11,37879
468,12,37879
469,1,104545
469,2,104545
469,3,104545
469,4,104545
469,5,104545
469,6,104545
469,7,104545
469,8,104545
469,9,104545
469,10,104545
469,11,104545
469,12,104545
470,1,136364
470,2,136364
470,3,136364
470,4,136364
470,5,136364
470,6,136364
470,7,136364
470,8,136364
470,9,136364
470,10,136364
470,11,136364
470,12,136364
471,1,37879
471,2,37879
471,3,37879
471,4,37879
471,5,37879
471,6,37879
471,7,37879
471,8,37879
471,9,37879
471,10,37879
471,11,37879
471,12,37879
472,1,37879
472,2,37879
472,3,37879
472,4,37879
472,5,37879
472,6,37879
472,7,37879
472,8,37879
472,9,37879
472,10,37879
472,11,37879
472,12,37879
473,1,13636
473,2,13636
473,3,13636
473,4,13636
473,5,13636
473,6,13636
473,7,13636
473,8,13636
473,9,13636
473,10,13636
473,11,13636
473,12,13636
474,1,104545
474,2,104545
474,3,104545
474,4,104545
474,5,104545
474,6,104545
474,7,104545
474,8,104545
474,9,104545
474,10,104545
474,11,104545
474,12,104545
475,1,37879
475,2,37879
475,3,37879
475,4,37879
475,5,37879
475,6,37879
475,7,37879
475,8,37879
475,9,37879
475,10,37879
475,11,37879
475,12,37879
476,1,13636
476,2,13636
476,3,13636
476,4,13636
476,5,13636
476,6,13636
476,7,13636
476,8,13636
476,9,13636
476,10,13636
476,11,13636
476,12,13636
477,1,80303
477,2,80303
477,3,80303
477,4,80303
477,5,80303
477,6,80303
477,7,80303
477,8,80303
477,9,80303
477,10,80303
477,11,80303
477,12,80303
478,1,37879
478,2,37879
478,3,37879
478,4,37879
478,5,37879
478,6,37879
478,7,37879
478,8,37879
478,9,37879
478,10,37879
478,11,37879
478,12,37879
479,1,104545
479,2,104545
479,3,104545
479,4,104545
479,5,104545
479,6,104545
479,7,104545
479,8,104545
479,9,104545
479,10,104545
479,11,104545
479,12,104545
480,1,80303
480,2,80303
480,3,80303
480,4,80303
480,5,80303
480,6,80303
480,7,80303
480,8,80303
480,9,80303
480,10,80303
480,11,80303
480,12,80303
481,1,136364
481,2,136364
481,3,136364
481,4,136364
481,5,136364
481,6,136364
481,7,136364
481,8,136364
481,9,136364
481,10,136364
481,11,136364
481,12,136364
482,1,104545
482,2,104545
482,3,104545
482,4,104545
482,5,104545
482,6,104545
482,7,104545
482,8,104545
482,9,104545
482,10,104545
482,11,104545
482,12,104545
483,1,104545
483,2,104545
483,3,104545
483,4,104545
483,5,104545
483,6,104545
483,7,104545
483,8,104545
483,9,104545
483,10,104545
483,11,104545
483,12,104545
484,1,69697
484,2,69697
484,3,69697
484,4,69697
484,5,69697
484,6,69697
484,7,69697
484,8,69697
484,9,69697
484,10,69697
484,11,69697
484,12,69697
485,1,118182
485,2,118182
485,3,118182
485,4,118182
485,5,118182
485,6,118182
485,7,118182
485,8,118182
485,9,118182
485,10,118182
485,11,118182
485,12,118182
486,1,136364
486,2,136364
486,3,136364
486,4,136364
486,5,136364
486,6,136364
486,7,136364
486,8,136364
486,9,136364
486,10,136364
486,11,136364
486,12,136364
487,1,69697
487,2,69697
487,3,69697
487,4,69697
487,5,69697
487,6,69697
487,7,69697
487,8,69697
487,9,69697
487,10,69697
487,11,69697
487,12,69697
488,1,13636
488,2,13636
488,3,13636
488,4,13636
488,5,13636
488,6,13636
488,7,13636
488,8,13636
488,9,13636
488,10,13636
488,11,13636
488,12,13636
489,1,80303
489,2,80303
489,3,80303
489,4,80303
489,5,80303
489,6,80303
489,7,80303
489,8,80303
489,9,80303
489,10,80303
489,11,80303
489,12,80303
490,1,104545
490,2,104545
490,3,104545
490,4,104545
490,5,104545
490,6,104545
490,7,104545
490,8,104545
490,9,104545
490,10,104545
490,11,104545
490,12,104545
491,1,51515
491,2,51515
491,3,51515
491,4,51515
491,5,51515
491,6,51515
491,7,51515
491,8,51515
491,9,51515
491,10,51515
491,11,51515
491,12,51515
492,1,80303
492,2,80303
492,3,80303
492,4,80303
492,5,80303
492,6,80303
492,7,80303
492,8,80303
492,9,80303
492,10,80303
492,11,80303
492,12,80303
493,1,37879
493,2,37879
493,3,37879
493,4,37879
493,5,37879
493,6,37879
493,7,37879
493,8,37879
493,9,37879
493,10,37879
493,11,37879
493,12,37879
494,1,104545
494,2,104545
494,3,104545
494,4,104545
494,5,104545
494,6,104545
494,7,104545
494,8,104545
494,9,104545
494,10,104545
494,11,104545
494,12,104545
495,1,51515
495,2,51515
495,3,51515
495,4,51515
495,5,51515
495,6,51515
495,7,51515
495,8,51515
495,9,51515
495,10,51515
495,11,51515
495,12,51515
496,1,37879
496,2,37879
496,3,37879
496,4,37879
496,5,37879
496,6,37879
496,7,37879
496,8,37879
496,9,37879
496,10,37879
496,11,37879
496,12,37879
497,1,37879
497,2,37879
497,3,37879
497,4,37879
497,5,37879
497,6,37879
497,7,37879
497,8,37879
497,9,37879
497,10,37879
497,11,37879
497,12,37879
498,1,13636
498,2,13636
498,3,13636
498,4,13636
498,5,13636
498,6,13636
498,7,13636
498,8,13636
498,9,13636
498,10,13636
498,11,13636
498,12,13636
499,1,37879
499,2,37879
499,3,37879
499,4,37879
499,5,37879
499,6,37879
499,7,37879
499,8,37879
499,9,37879
499,10,37879
499,11,37879
499,12,37879
500,1,83333
500,2,83333
500,3,83333
500,4,83333
500,5,83333
500,6,83333
500,7,83333
500,8,83333
500,9,83333
500,10,83333
500,11,83333
500,12,83333
501,1,118182
501,2,118182
501,3,118182
501,4,118182
501,5,118182
501,6,118182
501,7,118182
501,8,118182
501,9,118182
501,10,118182
501,11,118182
501,12,118182
502,1,13636
502,2,13636
502,3,13636
502,4,13636
502,5,13636
502,6,13636
502,7,13636
502,8,13636
502,9,13636
502,10,13636
502,11,13636
502,12,13636
503,1,104545
503,2,104545
503,3,104545
503,4,104545
503,5,104545
503,6,104545
503,7,104545
503,8,104545
503,9,104545
503,10,104545
503,11,104545
503,12,104545
504,1,80303
504,2,80303
504,3,80303
504,4,80303
504,5,80303
504,6,80303
504,7,80303
504,8,80303
504,9,80303
504,10,80303
504,11,80303
504,12,80303
505,1,83333
505,2,83333
505,3,83333
505,4,83333
505,5,83333
505,6,83333
505,7,83333
505,8,83333
505,9,83333
505,10,83333
505,11,83333
505,12,83333
506,1,51515
506,2,51515
506,3,51515
506,4,51515
506,5,51515
506,6,51515
506,7,51515
506,8,51515
506,9,51515
506,10,51515
506,11,51515
506,12,51515
507,1,118182
507,2,118182
507,3,118182
507,4,118182
507,5,118182
507,6,118182
507,7,118182
507,8,118182
507,9,118182
507,10,118182
507,11,118182
507,12,118182
508,1,125758
508,2,125758
508,3,125758
508,4,125758
508,5,125758
508,6,125758
508,7,125758
508,8,125758
508,9,125758
508,10,125758
508,11,125758
508,12,125758
509,1,118182
509,2,118182
509,3,118182
509,4,118182
509,5,118182
509,6,118182
509,7,118182
509,8,118182
509,9,118182
509,10,118182
509,11,118182
509,12,118182
510,1,51515
510,2,51515
510,3,51515
510,4,51515
510,5,51515
510,6,51515
510,7,51515
510,8,51515
510,9,51515
510,10,51515
510,11,51515
510,12,51515
511,1,118182
511,2,118182
511,3,118182
511,4,118182
511,5,118182
511,6,118182
511,7,118182
511,8,118182
511,9,118182
511,10,118182
511,11,118182
511,12,118182
512,1,104545
512,2,104545
512,3,104545
512,4,104545
512,5,104545
512,6,104545
512,7,104545
512,8,104545
512,9,104545
512,10,104545
512,11,104545
512,12,104545
513,1,27273
513,2,27273
513,3,27273
513,4,27273
513,5,27273
513,6,27273
513,7,27273
513,8,27273
513,9,27273
513,10,27273
513,11,27273
513,12,27273
514,1,27273
514,2,27273
514,3,27273
514,4,27273
514,5,27273
514,6,27273
514,7,27273
514,8,27273
514,9,27273
514,10,27273
514,11,27273
514,12,27273
515,1,104545
515,2,104545
515,3,104545
515,4,104545
515,5,104545
515,6,104545
515,7,104545
515,8,104545
515,9,104545
515,10,104545
515,11,104545
515,12,104545
516,1,37879
516,2,37879
516,3,37879
516,4,37879
516,5,37879
516,6,37879
516,7,37879
516,8,37879
516,9,37879
516,10,37879
516,11,37879
516,12,37879
517,1,150000
517,2,150000
517,3,150000
517,4,150000
517,5,150000
517,6,150000
517,7,150000
517,8,150000
517,9,150000
517,10,150000
517,11,150000
517,12,150000
518,1,104545
518,2,104545
518,3,104545
518,4,104545
518,5,104545
518,6,104545
518,7,104545
518,8,104545
518,9,104545
518,10,104545
518,11,104545
518,12,104545
519,1,128788
519,2,128788
519,3,128788
519,4,128788
519,5,128788
519,6,128788
519,7,128788
519,8,128788
519,9,128788
519,10,128788
519,11,128788
519,12,128788
520,1,104545
520,2,104545
520,3,104545
520,4,104545
520,5,104545
520,6,104545
520,7,104545
520,8,104545
520,9,104545
520,10,104545
520,11,104545
520,12,104545
521,1,104545
521,2,104545
521,3,104545
521,4,104545
521,5,104545
521,6,104545
521,7,104545
521,8,104545
521,9,104545
521,10,104545
521,11,104545
521,12,104545
522,1,104545
522,2,104545
522,3,104545
522,4,104545
522,5,104545
522,6,104545
522,7,104545
522,8,104545
522,9,104545
522,10,104545
522,11,104545
522,12,104545
523,1,69697
523,2,69697
523,3,69697
523,4,69697
523,5,69697
523,6,69697
523,7,69697
523,8,69697
523,9,69697
523,10,69697
523,11,69697
523,12,69697
524,1,104545
524,2,104545
524,3,104545
524,4,104545
524,5,104545
524,6,104545
524,7,104545
524,8,104545
524,9,104545
524,10,104545
524,11,104545
524,12,104545
525,1,48485
525,2,48485
525,3,48485
525,4,48485
525,5,48485
525,6,48485
525,7,48485
525,8,48485
525,9,48485
525,10,48485
525,11,48485
525,12,48485
526,1,104545
526,2,104545
526,3,104545
526,4,104545
526,5,104545
526,6,104545
526,7,104545
526,8,104545
526,9,104545
526,10,104545
526,11,104545
526,12,104545
527,1,128788
527,2,128788
527,3,128788
527,4,128788
527,5,128788
527,6,128788
527,7,128788
527,8,128788
527,9,128788
527,10,128788
527,11,128788
527,12,128788
528,1,104545
528,2,104545
528,3,104545
528,4,104545
528,5,104545
528,6,104545
528,7,104545
528,8,104545
528,9,104545
528,10,104545
528,11,104545
528,12,104545
529,1,104545
529,2,104545
529,3,104545
529,4,104545
529,5,104545
529,6,104545
529,7,104545
529,8,104545
529,9,104545
529,10,104545
529,11,104545
529,12,104545
530,1,104545
530,2,104545
530,3,104545
530,4,104545
530,5,104545
530,6,104545
530,7,104545
530,8,104545
530,9,104545
530,10,104545
530,11,104545
530,12,104545
531,1,90909
531,2,90909
531,3,90909
531,4,90909
531,5,90909
531,6,90909
531,7,90909
531,8,90909
531,9,90909
531,10,90909
531,11,90909
531,12,90909
532,1,37879
532,2,37879
532,3,37879
532,4,37879
532,5,37879
532,6,37879
532,7,37879
532,8,37879
532,9,37879
532,10,37879
532,11,37879
532,12,37879
533,1,128788
533,2,128788
533,3,128788
533,4,128788
533,5,128788
533,6,128788
533,7,128788
533,8,128788
533,9,128788
533,10,128788
533,11,128788
533,12,128788
534,1,160606
534,2,160606
534,3,160606
534,4,160606
534,5,160606
534,6,160606
534,7,160606
534,8,160606
534,9,160606
534,10,160606
534,11,160606
534,12,160606
535,1,136364
535,2,136364
535,3,136364
535,4,136364
535,5,136364
535,6,136364
535,7,136364
535,8,136364
535,9,136364
535,10,136364
535,11,136364
535,12,136364
536,1,37879
536,2,37879
536,3,37879
536,4,37879
536,5,37879
536,6,37879
536,7,37879
536,8,37879
536,9,37879
536,10,37879
536,11,37879
536,12,37879
537,1,104545
537,2,104545
537,3,104545
537,4,104545
537,5,104545
537,6,104545
537,7,104545
537,8,104545
537,9,104545
537,10,104545
537,11,104545
537,12,104545
538,1,31818
538,2,31818
538,3,31818
538,4,31818
538,5,31818
538,6,31818
538,7,31818
538,8,31818
538,9,31818
538,10,31818
538,11,31818
538,12,31818
539,1,104545
539,2,104545
539,3,104545
539,4,104545
539,5,104545
539,6,104545
539,7,104545
539,8,104545
539,9,104545
539,10,104545
539,11,104545
539,12,104545
540,1,37879
540,2,37879
540,3,37879
540,4,37879
540,5,37879
540,6,37879
540,7,37879
540,8,37879
540,9,37879
540,10,37879
540,11,37879
540,12,37879
541,1,37879
541,2,37879
541,3,37879
541,4,37879
541,5,37879
541,6,37879
541,7,37879
541,8,37879
541,9,37879
541,10,37879
541,11,37879
541,12,37879
542,1,104545
542,2,104545
542,3,104545
542,4,104545
542,5,104545
542,6,104545
542,7,104545
542,8,104545
542,9,104545
542,10,104545
542,11,104545
542,12,104545
543,1,37879
543,2,37879
543,3,37879
543,4,37879
543,5,37879
543,6,37879
543,7,37879
543,8,37879
543,9,37879
543,10,37879
543,11,37879
543,12,37879
544,1,13636
544,2,13636
544,3,13636
544,4,13636
544,5,13636
544,6,13636
544,7,13636
544,8,13636
544,9,13636
544,10,13636
544,11,13636
544,12,13636
545,1,13636
545,2,13636
545,3,13636
545,4,13636
545,5,13636
545,6,13636
545,7,13636
545,8,13636
545,9,13636
545,10,13636
545,11,13636
545,12,13636
546,1,13636
546,2,13636
546,3,13636
546,4,13636
546,5,13636
546,6,13636
546,7,13636
546,8,13636
546,9,13636
546,10,13636
546,11,13636
546,12,13636
547,1,104545
547,2,104545
547,3,104545
547,4,104545
547,5,104545
547,6,104545
547,7,104545
547,8,104545
547,9,104545
547,10,104545
547,11,104545
547,12,104545
548,1,37879
548,2,37879
548,3,37879
548,4,37879
548,5,37879
548,6,37879
548,7,37879
548,8,37879
548,9,37879
548,10,37879
548,11,37879
548,12,37879
549,1,37879
549,2,37879
549,3,37879
549,4,37879
549,5,37879
549,6,37879
549,7,37879
549,8,37879
549,9,37879
549,10,37879
549,11,37879
549,12,37879
550,1,13636
550,2,13636
550,3,13636
550,4,13636
550,5,13636
550,6,13636
550,7,13636
550,8,13636
550,9,13636
550,10,13636
550,11,13636
550,12,13636
551,1,80303
551,2,80303
551,3,80303
551,4,80303
551,5,80303
551,6,80303
551,7,80303
551,8,80303
551,9,80303
551,10,80303
551,11,80303
551,12,80303
552,1,104545
552,2,104545
552,3,104545
552,4,104545
552,5,104545
552,6,104545
552,7,104545
552,8,104545
552,9,104545
552,10,104545
552,11,104545
552,12,104545
553,1,13636
553,2,13636
553,3,13636
553,4,13636
553,5,13636
553,6,13636
553,7,13636
553,8,13636
553,9,13636
553,10,13636
553,11,13636
553,12,13636
554,1,136364
554,2,136364
554,3,136364
554,4,136364
554,5,136364
554,6,136364
554,7,136364
554,8,136364
554,9,136364
554,10,136364
554,11,136364
554,12,136364
555,1,98485
555,2,98485
555,3,98485
555,4,98485
555,5,98485
555,6,98485
555,7,98485
555,8,98485
555,9,98485
555,10,98485
555,11,98485
555,12,98485
556,1,37879
556,2,37879
556,3,37879
556,4,37879
556,5,37879
556,6,37879
556,7,37879
556,8,37879
556,9,37879
556,10,37879
556,11,37879
556,12,37879
557,1,104545
557,2,104545
557,3,104545
557,4,104545
557,5,104545
557,6,104545
557,7,104545
557,8,104545
557,9,104545
557,10,104545
557,11,104545
557,12,104545
558,1,13636
558,2,13636
558,3,13636
558,4,13636
558,5,13636
558,6,13636
558,7,13636
558,8,13636
558,9,13636
558,10,13636
558,11,13636
558,12,13636
559,1,136364
559,2,136364
559,3,136364
559,4,136364
559,5,136364
559,6,136364
559,7,136364
559,8,136364
559,9,136364
559,10,136364
559,11,136364
559,12,136364
560,1,37879
560,2,37879
560,3,37879
560,4,37879
560,5,37879
560,6,37879
560,7,37879
560,8,37879
560,9,37879
560,10,37879
560,11,37879
560,12,37879
561,1,104545
561,2,104545
561,3,104545
561,4,104545
561,5,104545
561,6,104545
561,7,104545
561,8,104545
561,9,104545
561,10,104545
561,11,104545
561,12,104545
562,1,13636
562,2,13636
562,3,13636
562,4,13636
562,5,13636
562,6,13636
562,7,13636
562,8,13636
562,9,13636
562,10,13636
562,11,13636
562,12,13636
563,1,13636
563,2,13636
563,3,13636
563,4,13636
563,5,13636
563,6,13636
563,7,13636
563,8,13636
563,9,13636
563,10,13636
563,11,13636
563,12,13636
564,1,13636
564,2,13636
564,3,13636
564,4,13636
564,5,13636
564,6,13636
564,7,13636
564,8,13636
564,9,13636
564,10,13636
564,11,13636
564,12,13636
565,1,104545
565,2,104545
565,3,104545
565,4,104545
565,5,104545
565,6,104545
565,7,104545
565,8,104545
565,9,104545
565,10,104545
565,11,104545
565,12,104545
566,1,136364
566,2,136364
566,3,136364
566,4,136364
566,5,136364
566,6,136364
566,7,136364
566,8,136364
566,9,136364
566,10,136364
566,11,136364
566,12,136364
567,1,24242
567,2,24242
567,3,24242
567,4,24242
567,5,24242
567,6,24242
567,7,24242
567,8,24242
567,9,24242
567,10,24242
567,11,24242
567,12,24242
568,1,13636
568,2,13636
568,3,13636
568,4,13636
568,5,13636
568,6,13636
568,7,13636
568,8,13636
568,9,13636
568,10,13636
568,11,13636
568,12,13636
569,1,104545
569,2,104545
569,3,104545
569,4,104545
569,5,104545
569,6,104545
569,7,104545
569,8,104545
569,9,104545
569,10,104545
569,11,104545
569,12,104545
570,1,104545
570,2,104545
570,3,104545
570,4,104545
570,5,104545
570,6,104545
570,7,104545
570,8,104545
570,9,104545
570,10,104545
570,11,104545
570,12,104545
571,1,69697
571,2,69697
571,3,69697
571,4,69697
571,5,69697
571,6,69697
571,7,69697
571,8,69697
571,9,69697
571,10,69697
571,11,69697
571,12,69697
572,1,51515
572,2,51515
572,3,51515
572,4,51515
572,5,51515
572,6,51515
572,7,51515
572,8,51515
572,9,51515
572,10,51515
572,11,51515
572,12,51515
573,1,37879
573,2,37879
573,3,37879
573,4,37879
573,5,37879
573,6,37879
573,7,37879
573,8,37879
573,9,37879
573,10,37879
573,11,37879
573,12,37879
574,1,104545
574,2,104545
574,3,104545
574,4,104545
574,5,104545
574,6,104545
574,7,104545
574,8,104545
574,9,104545
574,10,104545
574,11,104545
574,12,104545
575,1,104545
575,2,104545
575,3,104545
575,4,104545
575,5,104545
575,6,104545
575,7,104545
575,8,104545
575,9,104545
575,10,104545
575,11,104545
575,12,104545
576,1,118182
576,2,118182
576,3,118182
576,4,118182
576,5,118182
576,6,118182
576,7,118182
576,8,118182
576,9,118182
576,10,118182
576,11,118182
576,12,118182
577,1,118182
577,2,118182
577,3,118182
577,4,118182
577,5,118182
577,6,118182
577,7,118182
577,8,118182
577,9,118182
577,10,118182
577,11,118182
577,12,118182
578,1,136364
578,2,136364
578,3,136364
578,4,136364
578,5,136364
578,6,136364
578,7,136364
578,8,136364
578,9,136364
578,10,136364
578,11,136364
578,12,136364
579,1,118182
579,2,118182
579,3,118182
579,4,118182
579,5,118182
579,6,118182
579,7,118182
579,8,118182
579,9,118182
579,10,118182
579,11,118182
579,12,118182
580,1,136364
580,2,136364
580,3,136364
580,4,136364
580,5,136364
580,6,136364
580,7,136364
580,8,136364
580,9,136364
580,10,136364
580,11,136364
580,12,136364
581,1,104545
581,2,104545
581,3,104545
581,4,104545
581,5,104545
581,6,104545
581,7,104545
581,8,104545
581,9,104545
581,10,104545
581,11,104545
581,12,104545
582,1,128788
582,2,128788
582,3,128788
582,4,128788
582,5,128788
582,6,128788
582,7,128788
582,8,128788
582,9,128788
582,10,128788
582,11,128788
582,12,128788
583,1,104545
583,2,104545
583,3,104545
583,4,104545
583,5,104545
583,6,104545
583,7,104545
583,8,104545
583,9,104545
583,10,104545
583,11,104545
583,12,104545
584,1,69697
584,2,69697
584,3,69697
584,4,69697
584,5,69697
584,6,69697
584,7,69697
584,8,69697
584,9,69697
584,10,69697
584,11,69697
584,12,69697
585,1,37879
585,2,37879
585,3,37879
585,4,37879
585,5,37879
585,6,37879
585,7,37879
585,8,37879
585,9,37879
585,10,37879
585,11,37879
585,12,37879
586,1,80303
586,2,80303
586,3,80303
586,4,80303
586,5,80303
586,6,80303
586,7,80303
586,8,80303
586,9,80303
586,10,80303
586,11,80303
586,12,80303
587,1,27273
587,2,27273
587,3,27273
587,4,27273
587,5,27273
587,6,27273
587,7,27273
587,8,27273
587,9,27273
587,10,27273
587,11,27273
587,12,27273
588,1,125758
588,2,125758
588,3,125758
588,4,125758
588,5,125758
588,6,125758
588,7,125758
588,8,125758
588,9,125758
588,10,125758
588,11,125758
588,12,125758
589,1,13636
589,2,13636
589,3,13636
589,4,13636
589,5,13636
589,6,13636
589,7,13636
589,8,13636
589,9,13636
589,10,13636
589,11,13636
589,12,13636
590,1,104545
590,2,104545
590,3,104545
590,4,104545
590,5,104545
590,6,104545
590,7,104545
590,8,104545
590,9,104545
590,10,104545
590,11,104545
590,12,104545
591,1,118182
591,2,118182
591,3,118182
591,4,118182
591,5,118182
591,6,118182
591,7,118182
591,8,118182
591,9,118182
591,10,118182
591,11,118182
591,12,118182
592,1,51515
592,2,51515
592,3,51515
592,4,51515
592,5,51515
592,6,51515
592,7,51515
592,8,51515
592,9,51515
592,10,51515
592,11,51515
592,12,51515
593,1,118182
593,2,118182
593,3,118182
593,4,118182
593,5,118182
593,6,118182
593,7,118182
593,8,118182
593,9,118182
593,10,118182
593,11,118182
593,12,118182
594,1,118182
594,2,118182
594,3,118182
594,4,118182
594,5,118182
594,6,118182
594,7,118182
594,8,118182
594,9,118182
594,10,118182
594,11,118182
594,12,118182
595,1,13636
595,2,13636
595,3,13636
595,4,13636
595,5,13636
595,6,13636
595,7,13636
595,8,13636
595,9,13636
595,10,13636
595,11,13636
595,12,13636
596,1,118182
596,2,118182
596,3,118182
596,4,118182
596,5,118182
596,6,118182
596,7,118182
596,8,118182
596,9,118182
596,10,118182
596,11,118182
596,12,118182
597,1,51515
597,2,51515
597,3,51515
597,4,51515
597,5,51515
597,6,51515
597,7,51515
597,8,51515
597,9,51515
597,10,51515
597,11,51515
597,12,51515
598,1,136364
598,2,136364
598,3,136364
598,4,136364
598,5,136364
598,6,136364
598,7,136364
598,8,136364
598,9,136364
598,10,136364
598,11,136364
598,12,136364
599,1,118182
599,2,118182
599,3,118182
599,4,118182
599,5,118182
599,6,118182
599,7,118182
599,8,118182
599,9,118182
599,10,118182
599,11,118182
599,12,118182
600,1,83333
600,2,83333
600,3,83333
600,4,83333
600,5,83333
600,6,83333
600,7,83333
600,8,83333
600,9,83333
600,10,83333
600,11,83333
600,12,83333
601,1,37879
601,2,37879
601,3,37879
601,4,37879
601,5,37879
601,6,37879
601,7,37879
601,8,37879
601,9,37879
601,10,37879
601,11,37879
601,12,37879
602,1,45455
602,2,45455
602,3,45455
602,4,45455
602,5,45455
602,6,45455
602,7,45455
602,8,45455
602,9,45455
602,10,45455
602,11,45455
602,12,45455
603,1,13636
603,2,13636
603,3,13636
603,4,13636
603,5,13636
603,6,13636
603,7,13636
603,8,13636
603,9,13636
603,10,13636
603,11,13636
603,12,13636
604,1,37879
604,2,37879
604,3,37879
604,4,37879
604,5,37879
604,6,37879
604,7,37879
604,8,37879
604,9,37879
604,10,37879
604,11,37879
604,12,37879
605,1,51515
605,2,51515
605,3,51515
605,4,51515
605,5,51515
605,6,51515
605,7,51515
605,8,51515
605,9,51515
605,10,51515
605,11,51515
605,12,51515
606,1,59091
606,2,59091
606,3,59091
606,4,59091
606,5,59091
606,6,59091
606,7,59091
606,8,59091
606,9,59091
606,10,59091
606,11,59091
606,12,59091
