i,j,t,demand
1,1,1,2057
1,1,2,2057
1,1,3,2057
1,1,4,2057
1,1,5,2057
1,1,6,2057
1,1,7,2057
1,1,8,2057
1,1,9,2057
1,1,10,2057
1,1,11,2057
1,1,12,2057
2,1,1,2057
2,1,2,2057
2,1,3,2057
2,1,4,2057
2,1,5,2057
2,1,6,2057
2,1,7,2057
2,1,8,2057
2,1,9,2057
2,1,10,2057
2,1,11,2057
2,1,12,2057
3,1,1,2057
3,1,2,2057
3,1,3,2057
3,1,4,2057
3,1,5,2057
3,1,6,2057
3,1,7,2057
3,1,8,2057
3,1,9,2057
3,1,10,2057
3,1,11,2057
3,1,12,2057
4,1,1,2057
4,1,2,2057
4,1,3,2057
4,1,4,2057
4,1,5,2057
4,1,6,2057
4,1,7,2057
4,1,8,2057
4,1,9,2057
4,1,10,2057
4,1,11,2057
4,1,12,2057
5,1,1,2057
5,1,2,2057
5,1,3,2057
5,1,4,2057
5,1,5,2057
5,1,6,2057
5,1,7,2057
5,1,8,2057
5,1,9,2057
5,1,10,2057
5,1,11,2057
5,1,12,2057
6,1,1,2057
6,1,2,2057
6,1,3,2057
6,1,4,2057
6,1,5,2057
6,1,6,2057
6,1,7,2057
6,1,8,2057
6,1,9,2057
6,1,10,2057
6,1,11,2057
6,1,12,2057
7,1,1,2057
7,1,2,2057
7,1,3,2057
7,1,4,2057
7,1,5,2057
7,1,6,2057
7,1,7,2057
7,1,8,2057
7,1,9,2057
7,1,10,2057
7,1,11,2057
7,1,12,2057
8,1,1,2057
8,1,2,2057
8,1,3,2057
8,1,4,2057
8,1,5,2057
8,1,6,2057
8,1,7,2057
8,1,8,2057
8,1,9,2057
8,1,10,2057
8,1,11,2057
8,1,12,2057
9,1,1,2057
9,1,2,2057
9,1,3,2057
9,1,4,2057
9,1,5,2057
9,1,6,2057
9,1,7,2057
9,1,8,2057
9,1,9,2057
9,1,10,2057
9,1,11,2057
9,1,12,2057
10,1,1,2057
10,1,2,2057
10,1,3,2057
10,1,4,2057
10,1,5,2057
10,1,6,2057
10,1,7,2057
10,1,8,2057
10,1,9,2057
10,1,10,2057
10,1,11,2057
10,1,12,2057
11,1,1,855
11,1,2,855
11,1,3,855
11,1,4,855
11,1,5,855
11,1,6,855
11,1,7,855
11,1,8,855
11,1,9,855
11,1,10,855
11,1,11,855
11,1,12,855
12,1,1,855
12,1,2,855
12,1,3,855
12,1,4,855
12,1,5,855
12,1,6,855
12,1,7,855
12,1,8,855
12,1,9,855
12,1,10,855
12,1,11,855
12,1,12,855
13,1,1,855
13,1,2,855
13,1,3,855
13,1,4,855
13,1,5,855
13,1,6,855
13,1,7,855
13,1,8,855
13,1,9,855
13,1,10,855
13,1,11,855
13,1,12,855
14,1,1,855
14,1,2,855
14,1,3,855
14,1,4,855
14,1,5,855
14,1,6,855
14,1,7,855
14,1,8,855
14,1,9,855
14,1,10,855
14,1,11,855
14,1,12,855
15,1,1,855
15,1,2,855
15,1,3,855
15,1,4,855
15,1,5,855
15,1,6,855
15,1,7,855
15,1,8,855
15,1,9,855
15,1,10,855
15,1,11,855
15,1,12,855
16,1,1,855
16,1,2,855
16,1,3,855
16,1,4,855
16,1,5,855
16,1,6,855
16,1,7,855
16,1,8,855
16,1,9,855
16,1,10,855
16,1,11,855
16,1,12,855
17,1,1,1549
17,1,2,1549
17,1,3,1549
17,1,4,1549
17,1,5,1549
17,1,6,1549
17,1,7,1549
17,1,8,1549
17,1,9,1549
17,1,10,1549
17,1,11,1549
17,1,12,1549
18,1,1,1549
18,1,2,1549
18,1,3,1549
18,1,4,1549
18,1,5,1549
18,1,6,1549
18,1,7,1549
18,1,8,1549
18,1,9,1549
18,1,10,1549
18,1,11,1549
18,1,12,1549
19,1,1,1549
19,1,2,1549
19,1,3,1549
19,1,4,1549
19,1,5,1549
19,1,6,1549
19,1,7,1549
19,1,8,1549
19,1,9,1549
19,1,10,1549
19,1,11,1549
19,1,12,1549
20,1,1,1549
20,1,2,1549
20,1,3,1549
20,1,4,1549
20,1,5,1549
20,1,6,1549
20,1,7,1549
20,1,8,1549
20,1,9,1549
20,1,10,1549
20,1,11,1549
20,1,12,1549
21,1,1,1549
21,1,2,1549
21,1,3,1549
21,1,4,1549
21,1,5,1549
21,1,6,1549
21,1,7,1549
21,1,8,1549
21,1,9,1549
21,1,10,1549
21,1,11,1549
21,1,12,1549
22,1,1,1549
22,1,2,1549
22,1,3,1549
22,1,4,1549
22,1,5,1549
22,1,6,1549
22,1,7,1549
22,1,8,1549
22,1,9,1549
22,1,10,1549
22,1,11,1549
22,1,12,1549
23,1,1,1549
23,1,2,1549
23,1,3,1549
23,1,4,1549
23,1,5,1549
23,1,6,1549
23,1,7,1549
23,1,8,1549
23,1,9,1549
23,1,10,1549
23,1,11,1549
23,1,12,1549
24,1,1,1549
24,1,2,1549
24,1,3,1549
24,1,4,1549
24,1,5,1549
24,1,6,1549
24,1,7,1549
24,1,8,1549
24,1,9,1549
24,1,10,1549
24,1,11,1549
24,1,12,1549
25,1,1,1549
25,1,2,1549
25,1,3,1549
25,1,4,1549
25,1,5,1549
25,1,6,1549
25,1,7,1549
25,1,8,1549
25,1,9,1549
25,1,10,1549
25,1,11,1549
25,1,12,1549
26,1,1,1549
26,1,2,1549
26,1,3,1549
26,1,4,1549
26,1,5,1549
26,1,6,1549
26,1,7,1549
26,1,8,1549
26,1,9,1549
26,1,10,1549
26,1,11,1549
26,1,12,1549
27,1,1,1549
27,1,2,1549
27,1,3,1549
27,1,4,1549
27,1,5,1549
27,1,6,1549
27,1,7,1549
27,1,8,1549
27,1,9,1549
27,1,10,1549
27,1,11,1549
27,1,12,1549
28,1,1,1549
28,1,2,1549
28,1,3,1549
28,1,4,1549
28,1,5,1549
28,1,6,1549
28,1,7,1549
28,1,8,1549
28,1,9,1549
28,1,10,1549
28,1,11,1549
28,1,12,1549
29,1,1,1241
29,1,2,1241
29,1,3,1241
29,1,4,1241
29,1,5,1241
29,1,6,1241
29,1,7,1241
29,1,8,1241
29,1,9,1241
29,1,10,1241
29,1,11,1241
29,1,12,1241
30,1,1,1241
30,1,2,1241
30,1,3,1241
30,1,4,1241
30,1,5,1241
30,1,6,1241
30,1,7,1241
30,1,8,1241
30,1,9,1241
30,1,10,1241
30,1,11,1241
30,1,12,1241
31,1,1,1241
31,1,2,1241
31,1,3,1241
31,1,4,1241
31,1,5,1241
31,1,6,1241
31,1,7,1241
31,1,8,1241
31,1,9,1241
31,1,10,1241
31,1,11,1241
31,1,12,1241
32,1,1,1241
32,1,2,1241
32,1,3,1241
32,1,4,1241
32,1,5,1241
32,1,6,1241
32,1,7,1241
32,1,8,1241
32,1,9,1241
32,1,10,1241
32,1,11,1241
32,1,12,1241
33,1,1,1241
33,1,2,1241
33,1,3,1241
33,1,4,1241
33,1,5,1241
33,1,6,1241
33,1,7,1241
33,1,8,1241
33,1,9,1241
33,1,10,1241
33,1,11,1241
33,1,12,1241
34,1,1,1241
34,1,2,1241
34,1,3,1241
34,1,4,1241
34,1,5,1241
34,1,6,1241
34,1,7,1241
34,1,8,1241
34,1,9,1241
34,1,10,1241
34,1,11,1241
34,1,12,1241
35,1,1,1241
35,1,2,1241
35,1,3,1241
35,1,4,1241
35,1,5,1241
35,1,6,1241
35,1,7,1241
35,1,8,1241
35,1,9,1241
35,1,10,1241
35,1,11,1241
35,1,12,1241
36,1,1,1241
36,1,2,1241
36,1,3,1241
36,1,4,1241
36,1,5,1241
36,1,6,1241
36,1,7,1241
36,1,8,1241
36,1,9,1241
36,1,10,1241
36,1,11,1241
36,1,12,1241
37,1,1,1241
37,1,2,1241
37,1,3,1241
37,1,4,1241
37,1,5,1241
37,1,6,1241
37,1,7,1241
37,1,8,1241
37,1,9,1241
37,1,10,1241
37,1,11,1241
37,1,12,1241
38,1,1,1241
38,1,2,1241
38,1,3,1241
38,1,4,1241
38,1,5,1241
38,1,6,1241
38,1,7,1241
38,1,8,1241
38,1,9,1241
38,1,10,1241
38,1,11,1241
38,1,12,1241
39,1,1,1241
39,1,2,1241
39,1,3,1241
39,1,4,1241
39,1,5,1241
39,1,6,1241
39,1,7,1241
39,1,8,1241
39,1,9,1241
39,1,10,1241
39,1,11,1241
39,1,12,1241
40,1,1,1241
40,1,2,1241
40,1,3,1241
40,1,4,1241
40,1,5,1241
40,1,6,1241
40,1,7,1241
40,1,8,1241
40,1,9,1241
40,1,10,1241
40,1,11,1241
40,1,12,1241
41,1,1,1144
41,1,2,1144
41,1,3,1144
41,1,4,1144
41,1,5,1144
41,1,6,1144
41,1,7,1144
41,1,8,1144
41,1,9,1144
41,1,10,1144
41,1,11,1144
41,1,12,1144
42,1,1,1144
42,1,2,1144
42,1,3,1144
42,1,4,1144
42,1,5,1144
42,1,6,1144
42,1,7,1144
42,1,8,1144
42,1,9,1144
42,1,10,1144
42,1,11,1144
42,1,12,1144
43,1,1,1144
43,1,2,1144
43,1,3,1144
43,1,4,1144
43,1,5,1144
43,1,6,1144
43,1,7,1144
43,1,8,1144
43,1,9,1144
43,1,10,1144
43,1,11,1144
43,1,12,1144
44,1,1,1144
44,1,2,1144
44,1,3,1144
44,1,4,1144
44,1,5,1144
44,1,6,1144
44,1,7,1144
44,1,8,1144
44,1,9,1144
44,1,10,1144
44,1,11,1144
44,1,12,1144
45,1,1,1144
45,1,2,1144
45,1,3,1144
45,1,4,1144
45,1,5,1144
45,1,6,1144
45,1,7,1144
45,1,8,1144
45,1,9,1144
45,1,10,1144
45,1,11,1144
45,1,12,1144
46,1,1,1144
46,1,2,1144
46,1,3,1144
46,1,4,1144
46,1,5,1144
46,1,6,1144
46,1,7,1144
46,1,8,1144
46,1,9,1144
46,1,10,1144
46,1,11,1144
46,1,12,1144
47,1,1,1144
47,1,2,1144
47,1,3,1144
47,1,4,1144
47,1,5,1144
47,1,6,1144
47,1,7,1144
47,1,8,1144
47,1,9,1144
47,1,10,1144
47,1,11,1144
47,1,12,1144
48,1,1,1144
48,1,2,1144
48,1,3,1144
48,1,4,1144
48,1,5,1144
48,1,6,1144
48,1,7,1144
48,1,8,1144
48,1,9,1144
48,1,10,1144
48,1,11,1144
48,1,12,1144
49,1,1,1144
49,1,2,1144
49,1,3,1144
49,1,4,1144
49,1,5,1144
49,1,6,1144
49,1,7,1144
49,1,8,1144
49,1,9,1144
49,1,10,1144
49,1,11,1144
49,1,12,1144
50,1,1,1144
50,1,2,1144
50,1,3,1144
50,1,4,1144
50,1,5,1144
50,1,6,1144
50,1,7,1144
50,1,8,1144
50,1,9,1144
50,1,10,1144
50,1,11,1144
50,1,12,1144
51,1,1,1144
51,1,2,1144
51,1,3,1144
51,1,4,1144
51,1,5,1144
51,1,6,1144
51,1,7,1144
51,1,8,1144
51,1,9,1144
51,1,10,1144
51,1,11,1144
51,1,12,1144
52,1,1,1144
52,1,2,1144
52,1,3,1144
52,1,4,1144
52,1,5,1144
52,1,6,1144
52,1,7,1144
52,1,8,1144
52,1,9,1144
52,1,10,1144
52,1,11,1144
52,1,12,1144
53,1,1,1144
53,1,2,1144
53,1,3,1144
53,1,4,1144
53,1,5,1144
53,1,6,1144
53,1,7,1144
53,1,8,1144
53,1,9,1144
53,1,10,1144
53,1,11,1144
53,1,12,1144
54,1,1,1144
54,1,2,1144
54,1,3,1144
54,1,4,1144
54,1,5,1144
54,1,6,1144
54,1,7,1144
54,1,8,1144
54,1,9,1144
54,1,10,1144
54,1,11,1144
54,1,12,1144
55,1,1,1144
55,1,2,1144
55,1,3,1144
55,1,4,1144
55,1,5,1144
55,1,6,1144
55,1,7,1144
55,1,8,1144
55,1,9,1144
55,1,10,1144
55,1,11,1144
55,1,12,1144
56,1,1,1144
56,1,2,1144
56,1,3,1144
56,1,4,1144
56,1,5,1144
56,1,6,1144
56,1,7,1144
56,1,8,1144
56,1,9,1144
56,1,10,1144
56,1,11,1144
56,1,12,1144
57,1,1,1144
57,1,2,1144
57,1,3,1144
57,1,4,1144
57,1,5,1144
57,1,6,1144
57,1,7,1144
57,1,8,1144
57,1,9,1144
57,1,10,1144
57,1,11,1144
57,1,12,1144
58,1,1,1144
58,1,2,1144
58,1,3,1144
58,1,4,1144
58,1,5,1144
58,1,6,1144
58,1,7,1144
58,1,8,1144
58,1,9,1144
58,1,10,1144
58,1,11,1144
58,1,12,1144
59,1,1,1144
59,1,2,1144
59,1,3,1144
59,1,4,1144
59,1,5,1144
59,1,6,1144
59,1,7,1144
59,1,8,1144
59,1,9,1144
59,1,10,1144
59,1,11,1144
59,1,12,1144
60,1,1,1307
60,1,2,1307
60,1,3,1307
60,1,4,1307
60,1,5,1307
60,1,6,1307
60,1,7,1307
60,1,8,1307
60,1,9,1307
60,1,10,1307
60,1,11,1307
60,1,12,1307
61,1,1,1307
61,1,2,1307
61,1,3,1307
61,1,4,1307
61,1,5,1307
61,1,6,1307
61,1,7,1307
61,1,8,1307
61,1,9,1307
61,1,10,1307
61,1,11,1307
61,1,12,1307
62,1,1,1307
62,1,2,1307
62,1,3,1307
62,1,4,1307
62,1,5,1307
62,1,6,1307
62,1,7,1307
62,1,8,1307
62,1,9,1307
62,1,10,1307
62,1,11,1307
62,1,12,1307
63,1,1,1307
63,1,2,1307
63,1,3,1307
63,1,4,1307
63,1,5,1307
63,1,6,1307
63,1,7,1307
63,1,8,1307
63,1,9,1307
63,1,10,1307
63,1,11,1307
63,1,12,1307
64,1,1,1307
64,1,2,1307
64,1,3,1307
64,1,4,1307
64,1,5,1307
64,1,6,1307
64,1,7,1307
64,1,8,1307
64,1,9,1307
64,1,10,1307
64,1,11,1307
64,1,12,1307
65,1,1,1307
65,1,2,1307
65,1,3,1307
65,1,4,1307
65,1,5,1307
65,1,6,1307
65,1,7,1307
65,1,8,1307
65,1,9,1307
65,1,10,1307
65,1,11,1307
65,1,12,1307
66,1,1,1307
66,1,2,1307
66,1,3,1307
66,1,4,1307
66,1,5,1307
66,1,6,1307
66,1,7,1307
66,1,8,1307
66,1,9,1307
66,1,10,1307
66,1,11,1307
66,1,12,1307
67,1,1,1307
67,1,2,1307
67,1,3,1307
67,1,4,1307
67,1,5,1307
67,1,6,1307
67,1,7,1307
67,1,8,1307
67,1,9,1307
67,1,10,1307
67,1,11,1307
67,1,12,1307
68,1,1,1307
68,1,2,1307
68,1,3,1307
68,1,4,1307
68,1,5,1307
68,1,6,1307
68,1,7,1307
68,1,8,1307
68,1,9,1307
68,1,10,1307
68,1,11,1307
68,1,12,1307
69,1,1,1307
69,1,2,1307
69,1,3,1307
69,1,4,1307
69,1,5,1307
69,1,6,1307
69,1,7,1307
69,1,8,1307
69,1,9,1307
69,1,10,1307
69,1,11,1307
69,1,12,1307
70,1,1,1307
70,1,2,1307
70,1,3,1307
70,1,4,1307
70,1,5,1307
70,1,6,1307
70,1,7,1307
70,1,8,1307
70,1,9,1307
70,1,10,1307
70,1,11,1307
70,1,12,1307
71,1,1,1307
71,1,2,1307
71,1,3,1307
71,1,4,1307
71,1,5,1307
71,1,6,1307
71,1,7,1307
71,1,8,1307
71,1,9,1307
71,1,10,1307
71,1,11,1307
71,1,12,1307
72,1,1,1307
72,1,2,1307
72,1,3,1307
72,1,4,1307
72,1,5,1307
72,1,6,1307
72,1,7,1307
72,1,8,1307
72,1,9,1307
72,1,10,1307
72,1,11,1307
72,1,12,1307
73,1,1,1307
73,1,2,1307
73,1,3,1307
73,1,4,1307
73,1,5,1307
73,1,6,1307
73,1,7,1307
73,1,8,1307
73,1,9,1307
73,1,10,1307
73,1,11,1307
73,1,12,1307
74,1,1,1307
74,1,2,1307
74,1,3,1307
74,1,4,1307
74,1,5,1307
74,1,6,1307
74,1,7,1307
74,1,8,1307
74,1,9,1307
74,1,10,1307
74,1,11,1307
74,1,12,1307
75,1,1,1307
75,1,2,1307
75,1,3,1307
75,1,4,1307
75,1,5,1307
75,1,6,1307
75,1,7,1307
75,1,8,1307
75,1,9,1307
75,1,10,1307
75,1,11,1307
75,1,12,1307
76,1,1,1307
76,1,2,1307
76,1,3,1307
76,1,4,1307
76,1,5,1307
76,1,6,1307
76,1,7,1307
76,1,8,1307
76,1,9,1307
76,1,10,1307
76,1,11,1307
76,1,12,1307
77,1,1,1248
77,1,2,1248
77,1,3,1248
77,1,4,1248
77,1,5,1248
77,1,6,1248
77,1,7,1248
77,1,8,1248
77,1,9,1248
77,1,10,1248
77,1,11,1248
77,1,12,1248
78,1,1,1248
78,1,2,1248
78,1,3,1248
78,1,4,1248
78,1,5,1248
78,1,6,1248
78,1,7,1248
78,1,8,1248
78,1,9,1248
78,1,10,1248
78,1,11,1248
78,1,12,1248
79,1,1,1248
79,1,2,1248
79,1,3,1248
79,1,4,1248
79,1,5,1248
79,1,6,1248
79,1,7,1248
79,1,8,1248
79,1,9,1248
79,1,10,1248
79,1,11,1248
79,1,12,1248
80,1,1,1248
80,1,2,1248
80,1,3,1248
80,1,4,1248
80,1,5,1248
80,1,6,1248
80,1,7,1248
80,1,8,1248
80,1,9,1248
80,1,10,1248
80,1,11,1248
80,1,12,1248
81,1,1,1248
81,1,2,1248
81,1,3,1248
81,1,4,1248
81,1,5,1248
81,1,6,1248
81,1,7,1248
81,1,8,1248
81,1,9,1248
81,1,10,1248
81,1,11,1248
81,1,12,1248
82,1,1,1248
82,1,2,1248
82,1,3,1248
82,1,4,1248
82,1,5,1248
82,1,6,1248
82,1,7,1248
82,1,8,1248
82,1,9,1248
82,1,10,1248
82,1,11,1248
82,1,12,1248
83,1,1,1248
83,1,2,1248
83,1,3,1248
83,1,4,1248
83,1,5,1248
83,1,6,1248
83,1,7,1248
83,1,8,1248
83,1,9,1248
83,1,10,1248
83,1,11,1248
83,1,12,1248
84,1,1,1248
84,1,2,1248
84,1,3,1248
84,1,4,1248
84,1,5,1248
84,1,6,1248
84,1,7,1248
84,1,8,1248
84,1,9,1248
84,1,10,1248
84,1,11,1248
84,1,12,1248
85,1,1,1248
85,1,2,1248
85,1,3,1248
85,1,4,1248
85,1,5,1248
85,1,6,1248
85,1,7,1248
85,1,8,1248
85,1,9,1248
85,1,10,1248
85,1,11,1248
85,1,12,1248
86,1,1,1248
86,1,2,1248
86,1,3,1248
86,1,4,1248
86,1,5,1248
86,1,6,1248
86,1,7,1248
86,1,8,1248
86,1,9,1248
86,1,10,1248
86,1,11,1248
86,1,12,1248
87,1,1,1248
87,1,2,1248
87,1,3,1248
87,1,4,1248
87,1,5,1248
87,1,6,1248
87,1,7,1248
87,1,8,1248
87,1,9,1248
87,1,10,1248
87,1,11,1248
87,1,12,1248
88,1,1,1248
88,1,2,1248
88,1,3,1248
88,1,4,1248
88,1,5,1248
88,1,6,1248
88,1,7,1248
88,1,8,1248
88,1,9,1248
88,1,10,1248
88,1,11,1248
88,1,12,1248
89,1,1,1248
89,1,2,1248
89,1,3,1248
89,1,4,1248
89,1,5,1248
89,1,6,1248
89,1,7,1248
89,1,8,1248
89,1,9,1248
89,1,10,1248
89,1,11,1248
89,1,12,1248
90,1,1,1248
90,1,2,1248
90,1,3,1248
90,1,4,1248
90,1,5,1248
90,1,6,1248
90,1,7,1248
90,1,8,1248
90,1,9,1248
90,1,10,1248
90,1,11,1248
90,1,12,1248
91,1,1,1248
91,1,2,1248
91,1,3,1248
91,1,4,1248
91,1,5,1248
91,1,6,1248
91,1,7,1248
91,1,8,1248
91,1,9,1248
91,1,10,1248
91,1,11,1248
91,1,12,1248
92,1,1,1248
92,1,2,1248
92,1,3,1248
92,1,4,1248
92,1,5,1248
92,1,6,1248
92,1,7,1248
92,1,8,1248
92,1,9,1248
92,1,10,1248
92,1,11,1248
92,1,12,1248
93,1,1,1135
93,1,2,1135
93,1,3,1135
93,1,4,1135
93,1,5,1135
93,1,6,1135
93,1,7,1135
93,1,8,1135
93,1,9,1135
93,1,10,1135
93,1,11,1135
93,1,12,1135
94,1,1,1135
94,1,2,1135
94,1,3,1135
94,1,4,1135
94,1,5,1135
94,1,6,1135
94,1,7,1135
94,1,8,1135
94,1,9,1135
94,1,10,1135
94,1,11,1135
94,1,12,1135
95,1,1,1135
95,1,2,1135
95,1,3,1135
95,1,4,1135
95,1,5,1135
95,1,6,1135
95,1,7,1135
95,1,8,1135
95,1,9,1135
95,1,10,1135
95,1,11,1135
95,1,12,1135
96,1,1,1135
96,1,2,1135
96,1,3,1135
96,1,4,1135
96,1,5,1135
96,1,6,1135
96,1,7,1135
96,1,8,1135
96,1,9,1135
96,1,10,1135
96,1,11,1135
96,1,12,1135
97,1,1,1135
97,1,2,1135
97,1,3,1135
97,1,4,1135
97,1,5,1135
97,1,6,1135
97,1,7,1135
97,1,8,1135
97,1,9,1135
97,1,10,1135
97,1,11,1135
97,1,12,1135
98,1,1,1135
98,1,2,1135
98,1,3,1135
98,1,4,1135
98,1,5,1135
98,1,6,1135
98,1,7,1135
98,1,8,1135
98,1,9,1135
98,1,10,1135
98,1,11,1135
98,1,12,1135
99,1,1,1135
99,1,2,1135
99,1,3,1135
99,1,4,1135
99,1,5,1135
99,1,6,1135
99,1,7,1135
99,1,8,1135
99,1,9,1135
99,1,10,1135
99,1,11,1135
99,1,12,1135
100,1,1,1135
100,1,2,1135
100,1,3,1135
100,1,4,1135
100,1,5,1135
100,1,6,1135
100,1,7,1135
100,1,8,1135
100,1,9,1135
100,1,10,1135
100,1,11,1135
100,1,12,1135
101,1,1,1135
101,1,2,1135
101,1,3,1135
101,1,4,1135
101,1,5,1135
101,1,6,1135
101,1,7,1135
101,1,8,1135
101,1,9,1135
101,1,10,1135
101,1,11,1135
101,1,12,1135
102,1,1,1135
102,1,2,1135
102,1,3,1135
102,1,4,1135
102,1,5,1135
102,1,6,1135
102,1,7,1135
102,1,8,1135
102,1,9,1135
102,1,10,1135
102,1,11,1135
102,1,12,1135
103,1,1,1135
103,1,2,1135
103,1,3,1135
103,1,4,1135
103,1,5,1135
103,1,6,1135
103,1,7,1135
103,1,8,1135
103,1,9,1135
103,1,10,1135
103,1,11,1135
103,1,12,1135
104,1,1,1440
104,1,2,1440
104,1,3,1440
104,1,4,1440
104,1,5,1440
104,1,6,1440
104,1,7,1440
104,1,8,1440
104,1,9,1440
104,1,10,1440
104,1,11,1440
104,1,12,1440
105,1,1,1440
105,1,2,1440
105,1,3,1440
105,1,4,1440
105,1,5,1440
105,1,6,1440
105,1,7,1440
105,1,8,1440
105,1,9,1440
105,1,10,1440
105,1,11,1440
105,1,12,1440
106,1,1,1440
106,1,2,1440
106,1,3,1440
106,1,4,1440
106,1,5,1440
106,1,6,1440
106,1,7,1440
106,1,8,1440
106,1,9,1440
106,1,10,1440
106,1,11,1440
106,1,12,1440
107,1,1,1440
107,1,2,1440
107,1,3,1440
107,1,4,1440
107,1,5,1440
107,1,6,1440
107,1,7,1440
107,1,8,1440
107,1,9,1440
107,1,10,1440
107,1,11,1440
107,1,12,1440
108,1,1,1440
108,1,2,1440
108,1,3,1440
108,1,4,1440
108,1,5,1440
108,1,6,1440
108,1,7,1440
108,1,8,1440
108,1,9,1440
108,1,10,1440
108,1,11,1440
108,1,12,1440
109,1,1,1440
109,1,2,1440
109,1,3,1440
109,1,4,1440
109,1,5,1440
109,1,6,1440
109,1,7,1440
109,1,8,1440
109,1,9,1440
109,1,10,1440
109,1,11,1440
109,1,12,1440
110,1,1,1440
110,1,2,1440
110,1,3,1440
110,1,4,1440
110,1,5,1440
110,1,6,1440
110,1,7,1440
110,1,8,1440
110,1,9,1440
110,1,10,1440
110,1,11,1440
110,1,12,1440
111,1,1,1440
111,1,2,1440
111,1,3,1440
111,1,4,1440
111,1,5,1440
111,1,6,1440
111,1,7,1440
111,1,8,1440
111,1,9,1440
111,1,10,1440
111,1,11,1440
111,1,12,1440
112,1,1,1440
112,1,2,1440
112,1,3,1440
112,1,4,1440
112,1,5,1440
112,1,6,1440
112,1,7,1440
112,1,8,1440
112,1,9,1440
112,1,10,1440
112,1,11,1440
112,1,12,1440
113,1,1,1440
113,1,2,1440
113,1,3,1440
113,1,4,1440
113,1,5,1440
113,1,6,1440
113,1,7,1440
113,1,8,1440
113,1,9,1440
113,1,10,1440
113,1,11,1440
113,1,12,1440
114,1,1,1440
114,1,2,1440
114,1,3,1440
114,1,4,1440
114,1,5,1440
114,1,6,1440
114,1,7,1440
114,1,8,1440
114,1,9,1440
114,1,10,1440
114,1,11,1440
114,1,12,1440
115,1,1,1440
115,1,2,1440
115,1,3,1440
115,1,4,1440
115,1,5,1440
115,1,6,1440
115,1,7,1440
115,1,8,1440
115,1,9,1440
115,1,10,1440
115,1,11,1440
115,1,12,1440
116,1,1,1440
116,1,2,1440
116,1,3,1440
116,1,4,1440
116,1,5,1440
116,1,6,1440
116,1,7,1440
116,1,8,1440
116,1,9,1440
116,1,10,1440
116,1,11,1440
116,1,12,1440
117,1,1,1440
117,1,2,1440
117,1,3,1440
117,1,4,1440
117,1,5,1440
117,1,6,1440
117,1,7,1440
117,1,8,1440
117,1,9,1440
117,1,10,1440
117,1,11,1440
117,1,12,1440
118,1,1,1440
118,1,2,1440
118,1,3,1440
118,1,4,1440
118,1,5,1440
118,1,6,1440
118,1,7,1440
118,1,8,1440
118,1,9,1440
118,1,10,1440
118,1,11,1440
118,1,12,1440
119,1,1,1440
119,1,2,1440
119,1,3,1440
119,1,4,1440
119,1,5,1440
119,1,6,1440
119,1,7,1440
119,1,8,1440
119,1,9,1440
119,1,10,1440
119,1,11,1440
119,1,12,1440
120,1,1,1440
120,1,2,1440
120,1,3,1440
120,1,4,1440
120,1,5,1440
120,1,6,1440
120,1,7,1440
120,1,8,1440
120,1,9,1440
120,1,10,1440
120,1,11,1440
120,1,12,1440
121,1,1,1440
121,1,2,1440
121,1,3,1440
121,1,4,1440
121,1,5,1440
121,1,6,1440
121,1,7,1440
121,1,8,1440
121,1,9,1440
121,1,10,1440
121,1,11,1440
121,1,12,1440
122,1,1,1440
122,1,2,1440
122,1,3,1440
122,1,4,1440
122,1,5,1440
122,1,6,1440
122,1,7,1440
122,1,8,1440
122,1,9,1440
122,1,10,1440
122,1,11,1440
122,1,12,1440
123,1,1,1440
123,1,2,1440
123,1,3,1440
123,1,4,1440
123,1,5,1440
123,1,6,1440
123,1,7,1440
123,1,8,1440
123,1,9,1440
123,1,10,1440
123,1,11,1440
123,1,12,1440
124,1,1,1332
124,1,2,1332
124,1,3,1332
124,1,4,1332
124,1,5,1332
124,1,6,1332
124,1,7,1332
124,1,8,1332
124,1,9,1332
124,1,10,1332
124,1,11,1332
124,1,12,1332
125,1,1,1332
125,1,2,1332
125,1,3,1332
125,1,4,1332
125,1,5,1332
125,1,6,1332
125,1,7,1332
125,1,8,1332
125,1,9,1332
125,1,10,1332
125,1,11,1332
125,1,12,1332
126,1,1,1332
126,1,2,1332
126,1,3,1332
126,1,4,1332
126,1,5,1332
126,1,6,1332
126,1,7,1332
126,1,8,1332
126,1,9,1332
126,1,10,1332
126,1,11,1332
126,1,12,1332
127,1,1,1332
127,1,2,1332
127,1,3,1332
127,1,4,1332
127,1,5,1332
127,1,6,1332
127,1,7,1332
127,1,8,1332
127,1,9,1332
127,1,10,1332
127,1,11,1332
127,1,12,1332
128,1,1,1332
128,1,2,1332
128,1,3,1332
128,1,4,1332
128,1,5,1332
128,1,6,1332
128,1,7,1332
128,1,8,1332
128,1,9,1332
128,1,10,1332
128,1,11,1332
128,1,12,1332
129,1,1,1332
129,1,2,1332
129,1,3,1332
129,1,4,1332
129,1,5,1332
129,1,6,1332
129,1,7,1332
129,1,8,1332
129,1,9,1332
129,1,10,1332
129,1,11,1332
129,1,12,1332
130,1,1,1332
130,1,2,1332
130,1,3,1332
130,1,4,1332
130,1,5,1332
130,1,6,1332
130,1,7,1332
130,1,8,1332
130,1,9,1332
130,1,10,1332
130,1,11,1332
130,1,12,1332
131,1,1,1332
131,1,2,1332
131,1,3,1332
131,1,4,1332
131,1,5,1332
131,1,6,1332
131,1,7,1332
131,1,8,1332
131,1,9,1332
131,1,10,1332
131,1,11,1332
131,1,12,1332
132,1,1,1332
132,1,2,1332
132,1,3,1332
132,1,4,1332
132,1,5,1332
132,1,6,1332
132,1,7,1332
132,1,8,1332
132,1,9,1332
132,1,10,1332
132,1,11,1332
132,1,12,1332
133,1,1,1332
133,1,2,1332
133,1,3,1332
133,1,4,1332
133,1,5,1332
133,1,6,1332
133,1,7,1332
133,1,8,1332
133,1,9,1332
133,1,10,1332
133,1,11,1332
133,1,12,1332
134,1,1,1332
134,1,2,1332
134,1,3,1332
134,1,4,1332
134,1,5,1332
134,1,6,1332
134,1,7,1332
134,1,8,1332
134,1,9,1332
134,1,10,1332
134,1,11,1332
134,1,12,1332
135,1,1,1332
135,1,2,1332
135,1,3,1332
135,1,4,1332
135,1,5,1332
135,1,6,1332
135,1,7,1332
135,1,8,1332
135,1,9,1332
135,1,10,1332
135,1,11,1332
135,1,12,1332
136,1,1,1332
136,1,2,1332
136,1,3,1332
136,1,4,1332
136,1,5,1332
136,1,6,1332
136,1,7,1332
136,1,8,1332
136,1,9,1332
136,1,10,1332
136,1,11,1332
136,1,12,1332
137,1,1,1332
137,1,2,1332
137,1,3,1332
137,1,4,1332
137,1,5,1332
137,1,6,1332
137,1,7,1332
137,1,8,1332
137,1,9,1332
137,1,10,1332
137,1,11,1332
137,1,12,1332
138,1,1,1332
138,1,2,1332
138,1,3,1332
138,1,4,1332
138,1,5,1332
138,1,6,1332
138,1,7,1332
138,1,8,1332
138,1,9,1332
138,1,10,1332
138,1,11,1332
138,1,12,1332
139,1,1,1332
139,1,2,1332
139,1,3,1332
139,1,4,1332
139,1,5,1332
139,1,6,1332
139,1,7,1332
139,1,8,1332
139,1,9,1332
139,1,10,1332
139,1,11,1332
139,1,12,1332
140,1,1,1332
140,1,2,1332
140,1,3,1332
140,1,4,1332
140,1,5,1332
140,1,6,1332
140,1,7,1332
140,1,8,1332
140,1,9,1332
140,1,10,1332
140,1,11,1332
140,1,12,1332
141,1,1,1332
141,1,2,1332
141,1,3,1332
141,1,4,1332
141,1,5,1332
141,1,6,1332
141,1,7,1332
141,1,8,1332
141,1,9,1332
141,1,10,1332
141,1,11,1332
141,1,12,1332
142,1,1,1332
142,1,2,1332
142,1,3,1332
142,1,4,1332
142,1,5,1332
142,1,6,1332
142,1,7,1332
142,1,8,1332
142,1,9,1332
142,1,10,1332
142,1,11,1332
142,1,12,1332
143,1,1,1332
143,1,2,1332
143,1,3,1332
143,1,4,1332
143,1,5,1332
143,1,6,1332
143,1,7,1332
143,1,8,1332
143,1,9,1332
143,1,10,1332
143,1,11,1332
143,1,12,1332
144,1,1,1332
144,1,2,1332
144,1,3,1332
144,1,4,1332
144,1,5,1332
144,1,6,1332
144,1,7,1332
144,1,8,1332
144,1,9,1332
144,1,10,1332
144,1,11,1332
144,1,12,1332
145,1,1,1332
145,1,2,1332
145,1,3,1332
145,1,4,1332
145,1,5,1332
145,1,6,1332
145,1,7,1332
145,1,8,1332
145,1,9,1332
145,1,10,1332
145,1,11,1332
145,1,12,1332
146,1,1,1332
146,1,2,1332
146,1,3,1332
146,1,4,1332
146,1,5,1332
146,1,6,1332
146,1,7,1332
146,1,8,1332
146,1,9,1332
146,1,10,1332
146,1,11,1332
146,1,12,1332
147,1,1,1332
147,1,2,1332
147,1,3,1332
147,1,4,1332
147,1,5,1332
147,1,6,1332
147,1,7,1332
147,1,8,1332
147,1,9,1332
147,1,10,1332
147,1,11,1332
147,1,12,1332
148,1,1,1332
148,1,2,1332
148,1,3,1332
148,1,4,1332
148,1,5,1332
148,1,6,1332
148,1,7,1332
148,1,8,1332
148,1,9,1332
148,1,10,1332
148,1,11,1332
148,1,12,1332
149,1,1,1332
149,1,2,1332
149,1,3,1332
149,1,4,1332
149,1,5,1332
149,1,6,1332
149,1,7,1332
149,1,8,1332
149,1,9,1332
149,1,10,1332
149,1,11,1332
149,1,12,1332
150,1,1,1332
150,1,2,1332
150,1,3,1332
150,1,4,1332
150,1,5,1332
150,1,6,1332
150,1,7,1332
150,1,8,1332
150,1,9,1332
150,1,10,1332
150,1,11,1332
150,1,12,1332
151,1,1,1332
151,1,2,1332
151,1,3,1332
151,1,4,1332
151,1,5,1332
151,1,6,1332
151,1,7,1332
151,1,8,1332
151,1,9,1332
151,1,10,1332
151,1,11,1332
151,1,12,1332
152,1,1,1190
152,1,2,1190
152,1,3,1190
152,1,4,1190
152,1,5,1190
152,1,6,1190
152,1,7,1190
152,1,8,1190
152,1,9,1190
152,1,10,1190
152,1,11,1190
152,1,12,1190
153,1,1,1190
153,1,2,1190
153,1,3,1190
153,1,4,1190
153,1,5,1190
153,1,6,1190
153,1,7,1190
153,1,8,1190
153,1,9,1190
153,1,10,1190
153,1,11,1190
153,1,12,1190
154,1,1,1190
154,1,2,1190
154,1,3,1190
154,1,4,1190
154,1,5,1190
154,1,6,1190
154,1,7,1190
154,1,8,1190
154,1,9,1190
154,1,10,1190
154,1,11,1190
154,1,12,1190
155,1,1,1190
155,1,2,1190
155,1,3,1190
155,1,4,1190
155,1,5,1190
155,1,6,1190
155,1,7,1190
155,1,8,1190
155,1,9,1190
155,1,10,1190
155,1,11,1190
155,1,12,1190
156,1,1,1190
156,1,2,1190
156,1,3,1190
156,1,4,1190
156,1,5,1190
156,1,6,1190
156,1,7,1190
156,1,8,1190
156,1,9,1190
156,1,10,1190
156,1,11,1190
156,1,12,1190
157,1,1,1190
157,1,2,1190
157,1,3,1190
157,1,4,1190
157,1,5,1190
157,1,6,1190
157,1,7,1190
157,1,8,1190
157,1,9,1190
157,1,10,1190
157,1,11,1190
157,1,12,1190
158,1,1,1190
158,1,2,1190
158,1,3,1190
158,1,4,1190
158,1,5,1190
158,1,6,1190
158,1,7,1190
158,1,8,1190
158,1,9,1190
158,1,10,1190
158,1,11,1190
158,1,12,1190
159,1,1,1190
159,1,2,1190
159,1,3,1190
159,1,4,1190
159,1,5,1190
159,1,6,1190
159,1,7,1190
159,1,8,1190
159,1,9,1190
159,1,10,1190
159,1,11,1190
159,1,12,1190
160,1,1,1190
160,1,2,1190
160,1,3,1190
160,1,4,1190
160,1,5,1190
160,1,6,1190
160,1,7,1190
160,1,8,1190
160,1,9,1190
160,1,10,1190
160,1,11,1190
160,1,12,1190
161,1,1,1190
161,1,2,1190
161,1,3,1190
161,1,4,1190
161,1,5,1190
161,1,6,1190
161,1,7,1190
161,1,8,1190
161,1,9,1190
161,1,10,1190
161,1,11,1190
161,1,12,1190
162,1,1,1190
162,1,2,1190
162,1,3,1190
162,1,4,1190
162,1,5,1190
162,1,6,1190
162,1,7,1190
162,1,8,1190
162,1,9,1190
162,1,10,1190
162,1,11,1190
162,1,12,1190
163,1,1,1190
163,1,2,1190
163,1,3,1190
163,1,4,1190
163,1,5,1190
163,1,6,1190
163,1,7,1190
163,1,8,1190
163,1,9,1190
163,1,10,1190
163,1,11,1190
163,1,12,1190
164,1,1,1190
164,1,2,1190
164,1,3,1190
164,1,4,1190
164,1,5,1190
164,1,6,1190
164,1,7,1190
164,1,8,1190
164,1,9,1190
164,1,10,1190
164,1,11,1190
164,1,12,1190
165,1,1,1190
165,1,2,1190
165,1,3,1190
165,1,4,1190
165,1,5,1190
165,1,6,1190
165,1,7,1190
165,1,8,1190
165,1,9,1190
165,1,10,1190
165,1,11,1190
165,1,12,1190
166,1,1,1190
166,1,2,1190
166,1,3,1190
166,1,4,1190
166,1,5,1190
166,1,6,1190
166,1,7,1190
166,1,8,1190
166,1,9,1190
166,1,10,1190
166,1,11,1190
166,1,12,1190
167,1,1,1190
167,1,2,1190
167,1,3,1190
167,1,4,1190
167,1,5,1190
167,1,6,1190
167,1,7,1190
167,1,8,1190
167,1,9,1190
167,1,10,1190
167,1,11,1190
167,1,12,1190
168,1,1,1190
168,1,2,1190
168,1,3,1190
168,1,4,1190
168,1,5,1190
168,1,6,1190
168,1,7,1190
168,1,8,1190
168,1,9,1190
168,1,10,1190
168,1,11,1190
168,1,12,1190
169,1,1,1190
169,1,2,1190
169,1,3,1190
169,1,4,1190
169,1,5,1190
169,1,6,1190
169,1,7,1190
169,1,8,1190
169,1,9,1190
169,1,10,1190
169,1,11,1190
169,1,12,1190
170,1,1,1190
170,1,2,1190
170,1,3,1190
170,1,4,1190
170,1,5,1190
170,1,6,1190
170,1,7,1190
170,1,8,1190
170,1,9,1190
170,1,10,1190
170,1,11,1190
170,1,12,1190
171,1,1,1190
171,1,2,1190
171,1,3,1190
171,1,4,1190
171,1,5,1190
171,1,6,1190
171,1,7,1190
171,1,8,1190
171,1,9,1190
171,1,10,1190
171,1,11,1190
171,1,12,1190
172,1,1,1190
172,1,2,1190
172,1,3,1190
172,1,4,1190
172,1,5,1190
172,1,6,1190
172,1,7,1190
172,1,8,1190
172,1,9,1190
172,1,10,1190
172,1,11,1190
172,1,12,1190
173,1,1,1190
173,1,2,1190
173,1,3,1190
173,1,4,1190
173,1,5,1190
173,1,6,1190
173,1,7,1190
173,1,8,1190
173,1,9,1190
173,1,10,1190
173,1,11,1190
173,1,12,1190
174,1,1,1190
174,1,2,1190
174,1,3,1190
174,1,4,1190
174,1,5,1190
174,1,6,1190
174,1,7,1190
174,1,8,1190
174,1,9,1190
174,1,10,1190
174,1,11,1190
174,1,12,1190
175,1,1,1190
175,1,2,1190
175,1,3,1190
175,1,4,1190
175,1,5,1190
175,1,6,1190
175,1,7,1190
175,1,8,1190
175,1,9,1190
175,1,10,1190
175,1,11,1190
175,1,12,1190
176,1,1,1190
176,1,2,1190
176,1,3,1190
176,1,4,1190
176,1,5,1190
176,1,6,1190
176,1,7,1190
176,1,8,1190
176,1,9,1190
176,1,10,1190
176,1,11,1190
176,1,12,1190
177,1,1,1190
177,1,2,1190
177,1,3,1190
177,1,4,1190
177,1,5,1190
177,1,6,1190
177,1,7,1190
177,1,8,1190
177,1,9,1190
177,1,10,1190
177,1,11,1190
177,1,12,1190
178,1,1,1190
178,1,2,1190
178,1,3,1190
178,1,4,1190
178,1,5,1190
178,1,6,1190
178,1,7,1190
178,1,8,1190
178,1,9,1190
178,1,10,1190
178,1,11,1190
178,1,12,1190
179,1,1,1172
179,1,2,1172
179,1,3,1172
179,1,4,1172
179,1,5,1172
179,1,6,1172
179,1,7,1172
179,1,8,1172
179,1,9,1172
179,1,10,1172
179,1,11,1172
179,1,12,1172
180,1,1,1172
180,1,2,1172
180,1,3,1172
180,1,4,1172
180,1,5,1172
180,1,6,1172
180,1,7,1172
180,1,8,1172
180,1,9,1172
180,1,10,1172
180,1,11,1172
180,1,12,1172
181,1,1,1172
181,1,2,1172
181,1,3,1172
181,1,4,1172
181,1,5,1172
181,1,6,1172
181,1,7,1172
181,1,8,1172
181,1,9,1172
181,1,10,1172
181,1,11,1172
181,1,12,1172
182,1,1,1172
182,1,2,1172
182,1,3,1172
182,1,4,1172
182,1,5,1172
182,1,6,1172
182,1,7,1172
182,1,8,1172
182,1,9,1172
182,1,10,1172
182,1,11,1172
182,1,12,1172
183,1,1,1172
183,1,2,1172
183,1,3,1172
183,1,4,1172
183,1,5,1172
183,1,6,1172
183,1,7,1172
183,1,8,1172
183,1,9,1172
183,1,10,1172
183,1,11,1172
183,1,12,1172
184,1,1,1172
184,1,2,1172
184,1,3,1172
184,1,4,1172
184,1,5,1172
184,1,6,1172
184,1,7,1172
184,1,8,1172
184,1,9,1172
184,1,10,1172
184,1,11,1172
184,1,12,1172
185,1,1,1172
185,1,2,1172
185,1,3,1172
185,1,4,1172
185,1,5,1172
185,1,6,1172
185,1,7,1172
185,1,8,1172
185,1,9,1172
185,1,10,1172
185,1,11,1172
185,1,12,1172
186,1,1,1172
186,1,2,1172
186,1,3,1172
186,1,4,1172
186,1,5,1172
186,1,6,1172
186,1,7,1172
186,1,8,1172
186,1,9,1172
186,1,10,1172
186,1,11,1172
186,1,12,1172
187,1,1,1172
187,1,2,1172
187,1,3,1172
187,1,4,1172
187,1,5,1172
187,1,6,1172
187,1,7,1172
187,1,8,1172
187,1,9,1172
187,1,10,1172
187,1,11,1172
187,1,12,1172
188,1,1,1172
188,1,2,1172
188,1,3,1172
188,1,4,1172
188,1,5,1172
188,1,6,1172
188,1,7,1172
188,1,8,1172
188,1,9,1172
188,1,10,1172
188,1,11,1172
188,1,12,1172
189,1,1,1172
189,1,2,1172
189,1,3,1172
189,1,4,1172
189,1,5,1172
189,1,6,1172
189,1,7,1172
189,1,8,1172
189,1,9,1172
189,1,10,1172
189,1,11,1172
189,1,12,1172
190,1,1,1172
190,1,2,1172
190,1,3,1172
190,1,4,1172
190,1,5,1172
190,1,6,1172
190,1,7,1172
190,1,8,1172
190,1,9,1172
190,1,10,1172
190,1,11,1172
190,1,12,1172
191,1,1,1172
191,1,2,1172
191,1,3,1172
191,1,4,1172
191,1,5,1172
191,1,6,1172
191,1,7,1172
191,1,8,1172
191,1,9,1172
191,1,10,1172
191,1,11,1172
191,1,12,1172
192,1,1,1172
192,1,2,1172
192,1,3,1172
192,1,4,1172
192,1,5,1172
192,1,6,1172
192,1,7,1172
192,1,8,1172
192,1,9,1172
192,1,10,1172
192,1,11,1172
192,1,12,1172
193,1,1,1172
193,1,2,1172
193,1,3,1172
193,1,4,1172
193,1,5,1172
193,1,6,1172
193,1,7,1172
193,1,8,1172
193,1,9,1172
193,1,10,1172
193,1,11,1172
193,1,12,1172
194,1,1,1172
194,1,2,1172
194,1,3,1172
194,1,4,1172
194,1,5,1172
194,1,6,1172
194,1,7,1172
194,1,8,1172
194,1,9,1172
194,1,10,1172
194,1,11,1172
194,1,12,1172
195,1,1,1171
195,1,2,1171
195,1,3,1171
195,1,4,1171
195,1,5,1171
195,1,6,1171
195,1,7,1171
195,1,8,1171
195,1,9,1171
195,1,10,1171
195,1,11,1171
195,1,12,1171
196,1,1,1171
196,1,2,1171
196,1,3,1171
196,1,4,1171
196,1,5,1171
196,1,6,1171
196,1,7,1171
196,1,8,1171
196,1,9,1171
196,1,10,1171
196,1,11,1171
196,1,12,1171
197,1,1,1171
197,1,2,1171
197,1,3,1171
197,1,4,1171
197,1,5,1171
197,1,6,1171
197,1,7,1171
197,1,8,1171
197,1,9,1171
197,1,10,1171
197,1,11,1171
197,1,12,1171
198,1,1,1171
198,1,2,1171
198,1,3,1171
198,1,4,1171
198,1,5,1171
198,1,6,1171
198,1,7,1171
198,1,8,1171
198,1,9,1171
198,1,10,1171
198,1,11,1171
198,1,12,1171
199,1,1,1171
199,1,2,1171
199,1,3,1171
199,1,4,1171
199,1,5,1171
199,1,6,1171
199,1,7,1171
199,1,8,1171
199,1,9,1171
199,1,10,1171
199,1,11,1171
199,1,12,1171
200,1,1,1171
200,1,2,1171
200,1,3,1171
200,1,4,1171
200,1,5,1171
200,1,6,1171
200,1,7,1171
200,1,8,1171
200,1,9,1171
200,1,10,1171
200,1,11,1171
200,1,12,1171
201,1,1,1171
201,1,2,1171
201,1,3,1171
201,1,4,1171
201,1,5,1171
201,1,6,1171
201,1,7,1171
201,1,8,1171
201,1,9,1171
201,1,10,1171
201,1,11,1171
201,1,12,1171
202,1,1,1171
202,1,2,1171
202,1,3,1171
202,1,4,1171
202,1,5,1171
202,1,6,1171
202,1,7,1171
202,1,8,1171
202,1,9,1171
202,1,10,1171
202,1,11,1171
202,1,12,1171
203,1,1,1171
203,1,2,1171
203,1,3,1171
203,1,4,1171
203,1,5,1171
203,1,6,1171
203,1,7,1171
203,1,8,1171
203,1,9,1171
203,1,10,1171
203,1,11,1171
203,1,12,1171
204,1,1,1171
204,1,2,1171
204,1,3,1171
204,1,4,1171
204,1,5,1171
204,1,6,1171
204,1,7,1171
204,1,8,1171
204,1,9,1171
204,1,10,1171
204,1,11,1171
204,1,12,1171
205,1,1,1171
205,1,2,1171
205,1,3,1171
205,1,4,1171
205,1,5,1171
205,1,6,1171
205,1,7,1171
205,1,8,1171
205,1,9,1171
205,1,10,1171
205,1,11,1171
205,1,12,1171
206,1,1,1029
206,1,2,1029
206,1,3,1029
206,1,4,1029
206,1,5,1029
206,1,6,1029
206,1,7,1029
206,1,8,1029
206,1,9,1029
206,1,10,1029
206,1,11,1029
206,1,12,1029
207,1,1,1029
207,1,2,1029
207,1,3,1029
207,1,4,1029
207,1,5,1029
207,1,6,1029
207,1,7,1029
207,1,8,1029
207,1,9,1029
207,1,10,1029
207,1,11,1029
207,1,12,1029
208,1,1,1029
208,1,2,1029
208,1,3,1029
208,1,4,1029
208,1,5,1029
208,1,6,1029
208,1,7,1029
208,1,8,1029
208,1,9,1029
208,1,10,1029
208,1,11,1029
208,1,12,1029
209,1,1,1029
209,1,2,1029
209,1,3,1029
209,1,4,1029
209,1,5,1029
209,1,6,1029
209,1,7,1029
209,1,8,1029
209,1,9,1029
209,1,10,1029
209,1,11,1029
209,1,12,1029
210,1,1,1029
210,1,2,1029
210,1,3,1029
210,1,4,1029
210,1,5,1029
210,1,6,1029
210,1,7,1029
210,1,8,1029
210,1,9,1029
210,1,10,1029
210,1,11,1029
210,1,12,1029
211,1,1,1029
211,1,2,1029
211,1,3,1029
211,1,4,1029
211,1,5,1029
211,1,6,1029
211,1,7,1029
211,1,8,1029
211,1,9,1029
211,1,10,1029
211,1,11,1029
211,1,12,1029
212,1,1,1029
212,1,2,1029
212,1,3,1029
212,1,4,1029
212,1,5,1029
212,1,6,1029
212,1,7,1029
212,1,8,1029
212,1,9,1029
212,1,10,1029
212,1,11,1029
212,1,12,1029
213,1,1,1029
213,1,2,1029
213,1,3,1029
213,1,4,1029
213,1,5,1029
213,1,6,1029
213,1,7,1029
213,1,8,1029
213,1,9,1029
213,1,10,1029
213,1,11,1029
213,1,12,1029
214,1,1,915
214,1,2,915
214,1,3,915
214,1,4,915
214,1,5,915
214,1,6,915
214,1,7,915
214,1,8,915
214,1,9,915
214,1,10,915
214,1,11,915
214,1,12,915
215,1,1,915
215,1,2,915
215,1,3,915
215,1,4,915
215,1,5,915
215,1,6,915
215,1,7,915
215,1,8,915
215,1,9,915
215,1,10,915
215,1,11,915
215,1,12,915
216,1,1,915
216,1,2,915
216,1,3,915
216,1,4,915
216,1,5,915
216,1,6,915
216,1,7,915
216,1,8,915
216,1,9,915
216,1,10,915
216,1,11,915
216,1,12,915
217,1,1,915
217,1,2,915
217,1,3,915
217,1,4,915
217,1,5,915
217,1,6,915
217,1,7,915
217,1,8,915
217,1,9,915
217,1,10,915
217,1,11,915
217,1,12,915
218,1,1,915
218,1,2,915
218,1,3,915
218,1,4,915
218,1,5,915
218,1,6,915
218,1,7,915
218,1,8,915
218,1,9,915
218,1,10,915
218,1,11,915
218,1,12,915
219,1,1,915
219,1,2,915
219,1,3,915
219,1,4,915
219,1,5,915
219,1,6,915
219,1,7,915
219,1,8,915
219,1,9,915
219,1,10,915
219,1,11,915
219,1,12,915
220,1,1,915
220,1,2,915
220,1,3,915
220,1,4,915
220,1,5,915
220,1,6,915
220,1,7,915
220,1,8,915
220,1,9,915
220,1,10,915
220,1,11,915
220,1,12,915
221,1,1,915
221,1,2,915
221,1,3,915
221,1,4,915
221,1,5,915
221,1,6,915
221,1,7,915
221,1,8,915
221,1,9,915
221,1,10,915
221,1,11,915
221,1,12,915
222,1,1,915
222,1,2,915
222,1,3,915
222,1,4,915
222,1,5,915
222,1,6,915
222,1,7,915
222,1,8,915
222,1,9,915
222,1,10,915
222,1,11,915
222,1,12,915
223,1,1,915
223,1,2,915
223,1,3,915
223,1,4,915
223,1,5,915
223,1,6,915
223,1,7,915
223,1,8,915
223,1,9,915
223,1,10,915
223,1,11,915
223,1,12,915
224,1,1,915
224,1,2,915
224,1,3,915
224,1,4,915
224,1,5,915
224,1,6,915
224,1,7,915
224,1,8,915
224,1,9,915
224,1,10,915
224,1,11,915
224,1,12,915
225,1,1,915
225,1,2,915
225,1,3,915
225,1,4,915
225,1,5,915
225,1,6,915
225,1,7,915
225,1,8,915
225,1,9,915
225,1,10,915
225,1,11,915
225,1,12,915
226,1,1,915
226,1,2,915
226,1,3,915
226,1,4,915
226,1,5,915
226,1,6,915
226,1,7,915
226,1,8,915
226,1,9,915
226,1,10,915
226,1,11,915
226,1,12,915
227,1,1,977
227,1,2,977
227,1,3,977
227,1,4,977
227,1,5,977
227,1,6,977
227,1,7,977
227,1,8,977
227,1,9,977
227,1,10,977
227,1,11,977
227,1,12,977
228,1,1,977
228,1,2,977
228,1,3,977
228,1,4,977
228,1,5,977
228,1,6,977
228,1,7,977
228,1,8,977
228,1,9,977
228,1,10,977
228,1,11,977
228,1,12,977
229,1,1,977
229,1,2,977
229,1,3,977
229,1,4,977
229,1,5,977
229,1,6,977
229,1,7,977
229,1,8,977
229,1,9,977
229,1,10,977
229,1,11,977
229,1,12,977
230,1,1,977
230,1,2,977
230,1,3,977
230,1,4,977
230,1,5,977
230,1,6,977
230,1,7,977
230,1,8,977
230,1,9,977
230,1,10,977
230,1,11,977
230,1,12,977
231,1,1,977
231,1,2,977
231,1,3,977
231,1,4,977
231,1,5,977
231,1,6,977
231,1,7,977
231,1,8,977
231,1,9,977
231,1,10,977
231,1,11,977
231,1,12,977
232,1,1,977
232,1,2,977
232,1,3,977
232,1,4,977
232,1,5,977
232,1,6,977
232,1,7,977
232,1,8,977
232,1,9,977
232,1,10,977
232,1,11,977
232,1,12,977
233,1,1,977
233,1,2,977
233,1,3,977
233,1,4,977
233,1,5,977
233,1,6,977
233,1,7,977
233,1,8,977
233,1,9,977
233,1,10,977
233,1,11,977
233,1,12,977
234,1,1,977
234,1,2,977
234,1,3,977
234,1,4,977
234,1,5,977
234,1,6,977
234,1,7,977
234,1,8,977
234,1,9,977
234,1,10,977
234,1,11,977
234,1,12,977
235,1,1,977
235,1,2,977
235,1,3,977
235,1,4,977
235,1,5,977
235,1,6,977
235,1,7,977
235,1,8,977
235,1,9,977
235,1,10,977
235,1,11,977
235,1,12,977
236,1,1,977
236,1,2,977
236,1,3,977
236,1,4,977
236,1,5,977
236,1,6,977
236,1,7,977
236,1,8,977
236,1,9,977
236,1,10,977
236,1,11,977
236,1,12,977
237,1,1,977
237,1,2,977
237,1,3,977
237,1,4,977
237,1,5,977
237,1,6,977
237,1,7,977
237,1,8,977
237,1,9,977
237,1,10,977
237,1,11,977
237,1,12,977
238,1,1,977
238,1,2,977
238,1,3,977
238,1,4,977
238,1,5,977
238,1,6,977
238,1,7,977
238,1,8,977
238,1,9,977
238,1,10,977
238,1,11,977
238,1,12,977
239,1,1,977
239,1,2,977
239,1,3,977
239,1,4,977
239,1,5,977
239,1,6,977
239,1,7,977
239,1,8,977
239,1,9,977
239,1,10,977
239,1,11,977
239,1,12,977
240,1,1,977
240,1,2,977
240,1,3,977
240,1,4,977
240,1,5,977
240,1,6,977
240,1,7,977
240,1,8,977
240,1,9,977
240,1,10,977
240,1,11,977
240,1,12,977
241,1,1,977
241,1,2,977
241,1,3,977
241,1,4,977
241,1,5,977
241,1,6,977
241,1,7,977
241,1,8,977
241,1,9,977
241,1,10,977
241,1,11,977
241,1,12,977
242,1,1,977
242,1,2,977
242,1,3,977
242,1,4,977
242,1,5,977
242,1,6,977
242,1,7,977
242,1,8,977
242,1,9,977
242,1,10,977
242,1,11,977
242,1,12,977
243,1,1,977
243,1,2,977
243,1,3,977
243,1,4,977
243,1,5,977
243,1,6,977
243,1,7,977
243,1,8,977
243,1,9,977
243,1,10,977
243,1,11,977
243,1,12,977
244,1,1,977
244,1,2,977
244,1,3,977
244,1,4,977
244,1,5,977
244,1,6,977
244,1,7,977
244,1,8,977
244,1,9,977
244,1,10,977
244,1,11,977
244,1,12,977
245,1,1,977
245,1,2,977
245,1,3,977
245,1,4,977
245,1,5,977
245,1,6,977
245,1,7,977
245,1,8,977
245,1,9,977
245,1,10,977
245,1,11,977
245,1,12,977
246,1,1,977
246,1,2,977
246,1,3,977
246,1,4,977
246,1,5,977
246,1,6,977
246,1,7,977
246,1,8,977
246,1,9,977
246,1,10,977
246,1,11,977
246,1,12,977
247,1,1,977
247,1,2,977
247,1,3,977
247,1,4,977
247,1,5,977
247,1,6,977
247,1,7,977
247,1,8,977
247,1,9,977
247,1,10,977
247,1,11,977
247,1,12,977
248,1,1,977
248,1,2,977
248,1,3,977
248,1,4,977
248,1,5,977
248,1,6,977
248,1,7,977
248,1,8,977
248,1,9,977
248,1,10,977
248,1,11,977
248,1,12,977
249,1,1,977
249,1,2,977
249,1,3,977
249,1,4,977
249,1,5,977
249,1,6,977
249,1,7,977
249,1,8,977
249,1,9,977
249,1,10,977
249,1,11,977
249,1,12,977
250,1,1,1742
250,1,2,1742
250,1,3,1742
250,1,4,1742
250,1,5,1742
250,1,6,1742
250,1,7,1742
250,1,8,1742
250,1,9,1742
250,1,10,1742
250,1,11,1742
250,1,12,1742
251,1,1,1742
251,1,2,1742
251,1,3,1742
251,1,4,1742
251,1,5,1742
251,1,6,1742
251,1,7,1742
251,1,8,1742
251,1,9,1742
251,1,10,1742
251,1,11,1742
251,1,12,1742
252,1,1,1742
252,1,2,1742
252,1,3,1742
252,1,4,1742
252,1,5,1742
252,1,6,1742
252,1,7,1742
252,1,8,1742
252,1,9,1742
252,1,10,1742
252,1,11,1742
252,1,12,1742
253,1,1,1742
253,1,2,1742
253,1,3,1742
253,1,4,1742
253,1,5,1742
253,1,6,1742
253,1,7,1742
253,1,8,1742
253,1,9,1742
253,1,10,1742
253,1,11,1742
253,1,12,1742
254,1,1,1742
254,1,2,1742
254,1,3,1742
254,1,4,1742
254,1,5,1742
254,1,6,1742
254,1,7,1742
254,1,8,1742
254,1,9,1742
254,1,10,1742
254,1,11,1742
254,1,12,1742
255,1,1,1742
255,1,2,1742
255,1,3,1742
255,1,4,1742
255,1,5,1742
255,1,6,1742
255,1,7,1742
255,1,8,1742
255,1,9,1742
255,1,10,1742
255,1,11,1742
255,1,12,1742
256,1,1,1742
256,1,2,1742
256,1,3,1742
256,1,4,1742
256,1,5,1742
256,1,6,1742
256,1,7,1742
256,1,8,1742
256,1,9,1742
256,1,10,1742
256,1,11,1742
256,1,12,1742
257,1,1,1237
257,1,2,1237
257,1,3,1237
257,1,4,1237
257,1,5,1237
257,1,6,1237
257,1,7,1237
257,1,8,1237
257,1,9,1237
257,1,10,1237
257,1,11,1237
257,1,12,1237
258,1,1,1237
258,1,2,1237
258,1,3,1237
258,1,4,1237
258,1,5,1237
258,1,6,1237
258,1,7,1237
258,1,8,1237
258,1,9,1237
258,1,10,1237
258,1,11,1237
258,1,12,1237
259,1,1,1237
259,1,2,1237
259,1,3,1237
259,1,4,1237
259,1,5,1237
259,1,6,1237
259,1,7,1237
259,1,8,1237
259,1,9,1237
259,1,10,1237
259,1,11,1237
259,1,12,1237
260,1,1,1237
260,1,2,1237
260,1,3,1237
260,1,4,1237
260,1,5,1237
260,1,6,1237
260,1,7,1237
260,1,8,1237
260,1,9,1237
260,1,10,1237
260,1,11,1237
260,1,12,1237
261,1,1,1237
261,1,2,1237
261,1,3,1237
261,1,4,1237
261,1,5,1237
261,1,6,1237
261,1,7,1237
261,1,8,1237
261,1,9,1237
261,1,10,1237
261,1,11,1237
261,1,12,1237
262,1,1,1237
262,1,2,1237
262,1,3,1237
262,1,4,1237
262,1,5,1237
262,1,6,1237
262,1,7,1237
262,1,8,1237
262,1,9,1237
262,1,10,1237
262,1,11,1237
262,1,12,1237
263,1,1,1237
263,1,2,1237
263,1,3,1237
263,1,4,1237
263,1,5,1237
263,1,6,1237
263,1,7,1237
263,1,8,1237
263,1,9,1237
263,1,10,1237
263,1,11,1237
263,1,12,1237
264,1,1,1237
264,1,2,1237
264,1,3,1237
264,1,4,1237
264,1,5,1237
264,1,6,1237
264,1,7,1237
264,1,8,1237
264,1,9,1237
264,1,10,1237
264,1,11,1237
264,1,12,1237
265,1,1,1237
265,1,2,1237
265,1,3,1237
265,1,4,1237
265,1,5,1237
265,1,6,1237
265,1,7,1237
265,1,8,1237
265,1,9,1237
265,1,10,1237
265,1,11,1237
265,1,12,1237
266,1,1,1237
266,1,2,1237
266,1,3,1237
266,1,4,1237
266,1,5,1237
266,1,6,1237
266,1,7,1237
266,1,8,1237
266,1,9,1237
266,1,10,1237
266,1,11,1237
266,1,12,1237
267,1,1,916
267,1,2,916
267,1,3,916
267,1,4,916
267,1,5,916
267,1,6,916
267,1,7,916
267,1,8,916
267,1,9,916
267,1,10,916
267,1,11,916
267,1,12,916
268,1,1,916
268,1,2,916
268,1,3,916
268,1,4,916
268,1,5,916
268,1,6,916
268,1,7,916
268,1,8,916
268,1,9,916
268,1,10,916
268,1,11,916
268,1,12,916
269,1,1,916
269,1,2,916
269,1,3,916
269,1,4,916
269,1,5,916
269,1,6,916
269,1,7,916
269,1,8,916
269,1,9,916
269,1,10,916
269,1,11,916
269,1,12,916
270,1,1,916
270,1,2,916
270,1,3,916
270,1,4,916
270,1,5,916
270,1,6,916
270,1,7,916
270,1,8,916
270,1,9,916
270,1,10,916
270,1,11,916
270,1,12,916
271,1,1,916
271,1,2,916
271,1,3,916
271,1,4,916
271,1,5,916
271,1,6,916
271,1,7,916
271,1,8,916
271,1,9,916
271,1,10,916
271,1,11,916
271,1,12,916
272,1,1,916
272,1,2,916
272,1,3,916
272,1,4,916
272,1,5,916
272,1,6,916
272,1,7,916
272,1,8,916
272,1,9,916
272,1,10,916
272,1,11,916
272,1,12,916
273,1,1,916
273,1,2,916
273,1,3,916
273,1,4,916
273,1,5,916
273,1,6,916
273,1,7,916
273,1,8,916
273,1,9,916
273,1,10,916
273,1,11,916
273,1,12,916
274,1,1,916
274,1,2,916
274,1,3,916
274,1,4,916
274,1,5,916
274,1,6,916
274,1,7,916
274,1,8,916
274,1,9,916
274,1,10,916
274,1,11,916
274,1,12,916
275,1,1,915
275,1,2,915
275,1,3,915
275,1,4,915
275,1,5,915
275,1,6,915
275,1,7,915
275,1,8,915
275,1,9,915
275,1,10,915
275,1,11,915
275,1,12,915
276,1,1,915
276,1,2,915
276,1,3,915
276,1,4,915
276,1,5,915
276,1,6,915
276,1,7,915
276,1,8,915
276,1,9,915
276,1,10,915
276,1,11,915
276,1,12,915
277,1,1,915
277,1,2,915
277,1,3,915
277,1,4,915
277,1,5,915
277,1,6,915
277,1,7,915
277,1,8,915
277,1,9,915
277,1,10,915
277,1,11,915
277,1,12,915
278,1,1,915
278,1,2,915
278,1,3,915
278,1,4,915
278,1,5,915
278,1,6,915
278,1,7,915
278,1,8,915
278,1,9,915
278,1,10,915
278,1,11,915
278,1,12,915
279,1,1,915
279,1,2,915
279,1,3,915
279,1,4,915
279,1,5,915
279,1,6,915
279,1,7,915
279,1,8,915
279,1,9,915
279,1,10,915
279,1,11,915
279,1,12,915
280,1,1,915
280,1,2,915
280,1,3,915
280,1,4,915
280,1,5,915
280,1,6,915
280,1,7,915
280,1,8,915
280,1,9,915
280,1,10,915
280,1,11,915
280,1,12,915
281,1,1,915
281,1,2,915
281,1,3,915
281,1,4,915
281,1,5,915
281,1,6,915
281,1,7,915
281,1,8,915
281,1,9,915
281,1,10,915
281,1,11,915
281,1,12,915
282,1,1,915
282,1,2,915
282,1,3,915
282,1,4,915
282,1,5,915
282,1,6,915
282,1,7,915
282,1,8,915
282,1,9,915
282,1,10,915
282,1,11,915
282,1,12,915
283,1,1,915
283,1,2,915
283,1,3,915
283,1,4,915
283,1,5,915
283,1,6,915
283,1,7,915
283,1,8,915
283,1,9,915
283,1,10,915
283,1,11,915
283,1,12,915
284,1,1,915
284,1,2,915
284,1,3,915
284,1,4,915
284,1,5,915
284,1,6,915
284,1,7,915
284,1,8,915
284,1,9,915
284,1,10,915
284,1,11,915
284,1,12,915
285,1,1,915
285,1,2,915
285,1,3,915
285,1,4,915
285,1,5,915
285,1,6,915
285,1,7,915
285,1,8,915
285,1,9,915
285,1,10,915
285,1,11,915
285,1,12,915
286,1,1,915
286,1,2,915
286,1,3,915
286,1,4,915
286,1,5,915
286,1,6,915
286,1,7,915
286,1,8,915
286,1,9,915
286,1,10,915
286,1,11,915
286,1,12,915
287,1,1,915
287,1,2,915
287,1,3,915
287,1,4,915
287,1,5,915
287,1,6,915
287,1,7,915
287,1,8,915
287,1,9,915
287,1,10,915
287,1,11,915
287,1,12,915
288,1,1,915
288,1,2,915
288,1,3,915
288,1,4,915
288,1,5,915
288,1,6,915
288,1,7,915
288,1,8,915
288,1,9,915
288,1,10,915
288,1,11,915
288,1,12,915
289,1,1,915
289,1,2,915
289,1,3,915
289,1,4,915
289,1,5,915
289,1,6,915
289,1,7,915
289,1,8,915
289,1,9,915
289,1,10,915
289,1,11,915
289,1,12,915
290,1,1,915
290,1,2,915
290,1,3,915
290,1,4,915
290,1,5,915
290,1,6,915
290,1,7,915
290,1,8,915
290,1,9,915
290,1,10,915
290,1,11,915
290,1,12,915
291,1,1,1492
291,1,2,1492
291,1,3,1492
291,1,4,1492
291,1,5,1492
291,1,6,1492
291,1,7,1492
291,1,8,1492
291,1,9,1492
291,1,10,1492
291,1,11,1492
291,1,12,1492
292,1,1,1492
292,1,2,1492
292,1,3,1492
292,1,4,1492
292,1,5,1492
292,1,6,1492
292,1,7,1492
292,1,8,1492
292,1,9,1492
292,1,10,1492
292,1,11,1492
292,1,12,1492
293,1,1,1492
293,1,2,1492
293,1,3,1492
293,1,4,1492
293,1,5,1492
293,1,6,1492
293,1,7,1492
293,1,8,1492
293,1,9,1492
293,1,10,1492
293,1,11,1492
293,1,12,1492
294,1,1,1492
294,1,2,1492
294,1,3,1492
294,1,4,1492
294,1,5,1492
294,1,6,1492
294,1,7,1492
294,1,8,1492
294,1,9,1492
294,1,10,1492
294,1,11,1492
294,1,12,1492
295,1,1,1492
295,1,2,1492
295,1,3,1492
295,1,4,1492
295,1,5,1492
295,1,6,1492
295,1,7,1492
295,1,8,1492
295,1,9,1492
295,1,10,1492
295,1,11,1492
295,1,12,1492
296,1,1,1492
296,1,2,1492
296,1,3,1492
296,1,4,1492
296,1,5,1492
296,1,6,1492
296,1,7,1492
296,1,8,1492
296,1,9,1492
296,1,10,1492
296,1,11,1492
296,1,12,1492
297,1,1,1492
297,1,2,1492
297,1,3,1492
297,1,4,1492
297,1,5,1492
297,1,6,1492
297,1,7,1492
297,1,8,1492
297,1,9,1492
297,1,10,1492
297,1,11,1492
297,1,12,1492
298,1,1,1492
298,1,2,1492
298,1,3,1492
298,1,4,1492
298,1,5,1492
298,1,6,1492
298,1,7,1492
298,1,8,1492
298,1,9,1492
298,1,10,1492
298,1,11,1492
298,1,12,1492
299,1,1,1492
299,1,2,1492
299,1,3,1492
299,1,4,1492
299,1,5,1492
299,1,6,1492
299,1,7,1492
299,1,8,1492
299,1,9,1492
299,1,10,1492
299,1,11,1492
299,1,12,1492
300,1,1,1492
300,1,2,1492
300,1,3,1492
300,1,4,1492
300,1,5,1492
300,1,6,1492
300,1,7,1492
300,1,8,1492
300,1,9,1492
300,1,10,1492
300,1,11,1492
300,1,12,1492
301,1,1,1492
301,1,2,1492
301,1,3,1492
301,1,4,1492
301,1,5,1492
301,1,6,1492
301,1,7,1492
301,1,8,1492
301,1,9,1492
301,1,10,1492
301,1,11,1492
301,1,12,1492
302,1,1,1492
302,1,2,1492
302,1,3,1492
302,1,4,1492
302,1,5,1492
302,1,6,1492
302,1,7,1492
302,1,8,1492
302,1,9,1492
302,1,10,1492
302,1,11,1492
302,1,12,1492
303,1,1,1492
303,1,2,1492
303,1,3,1492
303,1,4,1492
303,1,5,1492
303,1,6,1492
303,1,7,1492
303,1,8,1492
303,1,9,1492
303,1,10,1492
303,1,11,1492
303,1,12,1492
304,1,1,1492
304,1,2,1492
304,1,3,1492
304,1,4,1492
304,1,5,1492
304,1,6,1492
304,1,7,1492
304,1,8,1492
304,1,9,1492
304,1,10,1492
304,1,11,1492
304,1,12,1492
305,1,1,1492
305,1,2,1492
305,1,3,1492
305,1,4,1492
305,1,5,1492
305,1,6,1492
305,1,7,1492
305,1,8,1492
305,1,9,1492
305,1,10,1492
305,1,11,1492
305,1,12,1492
306,1,1,1492
306,1,2,1492
306,1,3,1492
306,1,4,1492
306,1,5,1492
306,1,6,1492
306,1,7,1492
306,1,8,1492
306,1,9,1492
306,1,10,1492
306,1,11,1492
306,1,12,1492
307,1,1,1492
307,1,2,1492
307,1,3,1492
307,1,4,1492
307,1,5,1492
307,1,6,1492
307,1,7,1492
307,1,8,1492
307,1,9,1492
307,1,10,1492
307,1,11,1492
307,1,12,1492
308,1,1,1492
308,1,2,1492
308,1,3,1492
308,1,4,1492
308,1,5,1492
308,1,6,1492
308,1,7,1492
308,1,8,1492
308,1,9,1492
308,1,10,1492
308,1,11,1492
308,1,12,1492
309,1,1,1492
309,1,2,1492
309,1,3,1492
309,1,4,1492
309,1,5,1492
309,1,6,1492
309,1,7,1492
309,1,8,1492
309,1,9,1492
309,1,10,1492
309,1,11,1492
309,1,12,1492
310,1,1,1492
310,1,2,1492
310,1,3,1492
310,1,4,1492
310,1,5,1492
310,1,6,1492
310,1,7,1492
310,1,8,1492
310,1,9,1492
310,1,10,1492
310,1,11,1492
310,1,12,1492
311,1,1,1492
311,1,2,1492
311,1,3,1492
311,1,4,1492
311,1,5,1492
311,1,6,1492
311,1,7,1492
311,1,8,1492
311,1,9,1492
311,1,10,1492
311,1,11,1492
311,1,12,1492
312,1,1,1492
312,1,2,1492
312,1,3,1492
312,1,4,1492
312,1,5,1492
312,1,6,1492
312,1,7,1492
312,1,8,1492
312,1,9,1492
312,1,10,1492
312,1,11,1492
312,1,12,1492
313,1,1,1001
313,1,2,1001
313,1,3,1001
313,1,4,1001
313,1,5,1001
313,1,6,1001
313,1,7,1001
313,1,8,1001
313,1,9,1001
313,1,10,1001
313,1,11,1001
313,1,12,1001
314,1,1,1001
314,1,2,1001
314,1,3,1001
314,1,4,1001
314,1,5,1001
314,1,6,1001
314,1,7,1001
314,1,8,1001
314,1,9,1001
314,1,10,1001
314,1,11,1001
314,1,12,1001
315,1,1,1001
315,1,2,1001
315,1,3,1001
315,1,4,1001
315,1,5,1001
315,1,6,1001
315,1,7,1001
315,1,8,1001
315,1,9,1001
315,1,10,1001
315,1,11,1001
315,1,12,1001
316,1,1,1001
316,1,2,1001
316,1,3,1001
316,1,4,1001
316,1,5,1001
316,1,6,1001
316,1,7,1001
316,1,8,1001
316,1,9,1001
316,1,10,1001
316,1,11,1001
316,1,12,1001
317,1,1,1001
317,1,2,1001
317,1,3,1001
317,1,4,1001
317,1,5,1001
317,1,6,1001
317,1,7,1001
317,1,8,1001
317,1,9,1001
317,1,10,1001
317,1,11,1001
317,1,12,1001
318,1,1,1001
318,1,2,1001
318,1,3,1001
318,1,4,1001
318,1,5,1001
318,1,6,1001
318,1,7,1001
318,1,8,1001
318,1,9,1001
318,1,10,1001
318,1,11,1001
318,1,12,1001
319,1,1,1001
319,1,2,1001
319,1,3,1001
319,1,4,1001
319,1,5,1001
319,1,6,1001
319,1,7,1001
319,1,8,1001
319,1,9,1001
319,1,10,1001
319,1,11,1001
319,1,12,1001
320,1,1,1001
320,1,2,1001
320,1,3,1001
320,1,4,1001
320,1,5,1001
320,1,6,1001
320,1,7,1001
320,1,8,1001
320,1,9,1001
320,1,10,1001
320,1,11,1001
320,1,12,1001
321,1,1,1001
321,1,2,1001
321,1,3,1001
321,1,4,1001
321,1,5,1001
321,1,6,1001
321,1,7,1001
321,1,8,1001
321,1,9,1001
321,1,10,1001
321,1,11,1001
321,1,12,1001
322,1,1,1001
322,1,2,1001
322,1,3,1001
322,1,4,1001
322,1,5,1001
322,1,6,1001
322,1,7,1001
322,1,8,1001
322,1,9,1001
322,1,10,1001
322,1,11,1001
322,1,12,1001
323,1,1,1951
323,1,2,1951
323,1,3,1951
323,1,4,1951
323,1,5,1951
323,1,6,1951
323,1,7,1951
323,1,8,1951
323,1,9,1951
323,1,10,1951
323,1,11,1951
323,1,12,1951
324,1,1,1951
324,1,2,1951
324,1,3,1951
324,1,4,1951
324,1,5,1951
324,1,6,1951
324,1,7,1951
324,1,8,1951
324,1,9,1951
324,1,10,1951
324,1,11,1951
324,1,12,1951
325,1,1,1951
325,1,2,1951
325,1,3,1951
325,1,4,1951
325,1,5,1951
325,1,6,1951
325,1,7,1951
325,1,8,1951
325,1,9,1951
325,1,10,1951
325,1,11,1951
325,1,12,1951
326,1,1,1951
326,1,2,1951
326,1,3,1951
326,1,4,1951
326,1,5,1951
326,1,6,1951
326,1,7,1951
326,1,8,1951
326,1,9,1951
326,1,10,1951
326,1,11,1951
326,1,12,1951
327,1,1,1951
327,1,2,1951
327,1,3,1951
327,1,4,1951
327,1,5,1951
327,1,6,1951
327,1,7,1951
327,1,8,1951
327,1,9,1951
327,1,10,1951
327,1,11,1951
327,1,12,1951
328,1,1,1951
328,1,2,1951
328,1,3,1951
328,1,4,1951
328,1,5,1951
328,1,6,1951
328,1,7,1951
328,1,8,1951
328,1,9,1951
328,1,10,1951
328,1,11,1951
328,1,12,1951
329,1,1,1951
329,1,2,1951
329,1,3,1951
329,1,4,1951
329,1,5,1951
329,1,6,1951
329,1,7,1951
329,1,8,1951
329,1,9,1951
329,1,10,1951
329,1,11,1951
329,1,12,1951
330,1,1,1951
330,1,2,1951
330,1,3,1951
330,1,4,1951
330,1,5,1951
330,1,6,1951
330,1,7,1951
330,1,8,1951
330,1,9,1951
330,1,10,1951
330,1,11,1951
330,1,12,1951
331,1,1,1951
331,1,2,1951
331,1,3,1951
331,1,4,1951
331,1,5,1951
331,1,6,1951
331,1,7,1951
331,1,8,1951
331,1,9,1951
331,1,10,1951
331,1,11,1951
331,1,12,1951
332,1,1,1951
332,1,2,1951
332,1,3,1951
332,1,4,1951
332,1,5,1951
332,1,6,1951
332,1,7,1951
332,1,8,1951
332,1,9,1951
332,1,10,1951
332,1,11,1951
332,1,12,1951
333,1,1,1951
333,1,2,1951
333,1,3,1951
333,1,4,1951
333,1,5,1951
333,1,6,1951
333,1,7,1951
333,1,8,1951
333,1,9,1951
333,1,10,1951
333,1,11,1951
333,1,12,1951
334,1,1,1951
334,1,2,1951
334,1,3,1951
334,1,4,1951
334,1,5,1951
334,1,6,1951
334,1,7,1951
334,1,8,1951
334,1,9,1951
334,1,10,1951
334,1,11,1951
334,1,12,1951
335,1,1,1951
335,1,2,1951
335,1,3,1951
335,1,4,1951
335,1,5,1951
335,1,6,1951
335,1,7,1951
335,1,8,1951
335,1,9,1951
335,1,10,1951
335,1,11,1951
335,1,12,1951
336,1,1,1951
336,1,2,1951
336,1,3,1951
336,1,4,1951
336,1,5,1951
336,1,6,1951
336,1,7,1951
336,1,8,1951
336,1,9,1951
336,1,10,1951
336,1,11,1951
336,1,12,1951
337,1,1,1951
337,1,2,1951
337,1,3,1951
337,1,4,1951
337,1,5,1951
337,1,6,1951
337,1,7,1951
337,1,8,1951
337,1,9,1951
337,1,10,1951
337,1,11,1951
337,1,12,1951
338,1,1,1951
338,1,2,1951
338,1,3,1951
338,1,4,1951
338,1,5,1951
338,1,6,1951
338,1,7,1951
338,1,8,1951
338,1,9,1951
338,1,10,1951
338,1,11,1951
338,1,12,1951
339,1,1,1951
339,1,2,1951
339,1,3,1951
339,1,4,1951
339,1,5,1951
339,1,6,1951
339,1,7,1951
339,1,8,1951
339,1,9,1951
339,1,10,1951
339,1,11,1951
339,1,12,1951
340,1,1,1951
340,1,2,1951
340,1,3,1951
340,1,4,1951
340,1,5,1951
340,1,6,1951
340,1,7,1951
340,1,8,1951
340,1,9,1951
340,1,10,1951
340,1,11,1951
340,1,12,1951
341,1,1,1003
341,1,2,1003
341,1,3,1003
341,1,4,1003
341,1,5,1003
341,1,6,1003
341,1,7,1003
341,1,8,1003
341,1,9,1003
341,1,10,1003
341,1,11,1003
341,1,12,1003
342,1,1,1003
342,1,2,1003
342,1,3,1003
342,1,4,1003
342,1,5,1003
342,1,6,1003
342,1,7,1003
342,1,8,1003
342,1,9,1003
342,1,10,1003
342,1,11,1003
342,1,12,1003
343,1,1,1003
343,1,2,1003
343,1,3,1003
343,1,4,1003
343,1,5,1003
343,1,6,1003
343,1,7,1003
343,1,8,1003
343,1,9,1003
343,1,10,1003
343,1,11,1003
343,1,12,1003
344,1,1,1003
344,1,2,1003
344,1,3,1003
344,1,4,1003
344,1,5,1003
344,1,6,1003
344,1,7,1003
344,1,8,1003
344,1,9,1003
344,1,10,1003
344,1,11,1003
344,1,12,1003
345,1,1,1003
345,1,2,1003
345,1,3,1003
345,1,4,1003
345,1,5,1003
345,1,6,1003
345,1,7,1003
345,1,8,1003
345,1,9,1003
345,1,10,1003
345,1,11,1003
345,1,12,1003
346,1,1,1003
346,1,2,1003
346,1,3,1003
346,1,4,1003
346,1,5,1003
346,1,6,1003
346,1,7,1003
346,1,8,1003
346,1,9,1003
346,1,10,1003
346,1,11,1003
346,1,12,1003
347,1,1,1003
347,1,2,1003
347,1,3,1003
347,1,4,1003
347,1,5,1003
347,1,6,1003
347,1,7,1003
347,1,8,1003
347,1,9,1003
347,1,10,1003
347,1,11,1003
347,1,12,1003
348,1,1,1003
348,1,2,1003
348,1,3,1003
348,1,4,1003
348,1,5,1003
348,1,6,1003
348,1,7,1003
348,1,8,1003
348,1,9,1003
348,1,10,1003
348,1,11,1003
348,1,12,1003
349,1,1,1003
349,1,2,1003
349,1,3,1003
349,1,4,1003
349,1,5,1003
349,1,6,1003
349,1,7,1003
349,1,8,1003
349,1,9,1003
349,1,10,1003
349,1,11,1003
349,1,12,1003
350,1,1,1003
350,1,2,1003
350,1,3,1003
350,1,4,1003
350,1,5,1003
350,1,6,1003
350,1,7,1003
350,1,8,1003
350,1,9,1003
350,1,10,1003
350,1,11,1003
350,1,12,1003
351,1,1,1003
351,1,2,1003
351,1,3,1003
351,1,4,1003
351,1,5,1003
351,1,6,1003
351,1,7,1003
351,1,8,1003
351,1,9,1003
351,1,10,1003
351,1,11,1003
351,1,12,1003
352,1,1,1003
352,1,2,1003
352,1,3,1003
352,1,4,1003
352,1,5,1003
352,1,6,1003
352,1,7,1003
352,1,8,1003
352,1,9,1003
352,1,10,1003
352,1,11,1003
352,1,12,1003
353,1,1,1003
353,1,2,1003
353,1,3,1003
353,1,4,1003
353,1,5,1003
353,1,6,1003
353,1,7,1003
353,1,8,1003
353,1,9,1003
353,1,10,1003
353,1,11,1003
353,1,12,1003
354,1,1,1003
354,1,2,1003
354,1,3,1003
354,1,4,1003
354,1,5,1003
354,1,6,1003
354,1,7,1003
354,1,8,1003
354,1,9,1003
354,1,10,1003
354,1,11,1003
354,1,12,1003
355,1,1,1003
355,1,2,1003
355,1,3,1003
355,1,4,1003
355,1,5,1003
355,1,6,1003
355,1,7,1003
355,1,8,1003
355,1,9,1003
355,1,10,1003
355,1,11,1003
355,1,12,1003
356,1,1,1003
356,1,2,1003
356,1,3,1003
356,1,4,1003
356,1,5,1003
356,1,6,1003
356,1,7,1003
356,1,8,1003
356,1,9,1003
356,1,10,1003
356,1,11,1003
356,1,12,1003
357,1,1,1003
357,1,2,1003
357,1,3,1003
357,1,4,1003
357,1,5,1003
357,1,6,1003
357,1,7,1003
357,1,8,1003
357,1,9,1003
357,1,10,1003
357,1,11,1003
357,1,12,1003
358,1,1,1003
358,1,2,1003
358,1,3,1003
358,1,4,1003
358,1,5,1003
358,1,6,1003
358,1,7,1003
358,1,8,1003
358,1,9,1003
358,1,10,1003
358,1,11,1003
358,1,12,1003
359,1,1,1003
359,1,2,1003
359,1,3,1003
359,1,4,1003
359,1,5,1003
359,1,6,1003
359,1,7,1003
359,1,8,1003
359,1,9,1003
359,1,10,1003
359,1,11,1003
359,1,12,1003
360,1,1,1003
360,1,2,1003
360,1,3,1003
360,1,4,1003
360,1,5,1003
360,1,6,1003
360,1,7,1003
360,1,8,1003
360,1,9,1003
360,1,10,1003
360,1,11,1003
360,1,12,1003
361,1,1,1003
361,1,2,1003
361,1,3,1003
361,1,4,1003
361,1,5,1003
361,1,6,1003
361,1,7,1003
361,1,8,1003
361,1,9,1003
361,1,10,1003
361,1,11,1003
361,1,12,1003
362,1,1,1082
362,1,2,1082
362,1,3,1082
362,1,4,1082
362,1,5,1082
362,1,6,1082
362,1,7,1082
362,1,8,1082
362,1,9,1082
362,1,10,1082
362,1,11,1082
362,1,12,1082
363,1,1,1082
363,1,2,1082
363,1,3,1082
363,1,4,1082
363,1,5,1082
363,1,6,1082
363,1,7,1082
363,1,8,1082
363,1,9,1082
363,1,10,1082
363,1,11,1082
363,1,12,1082
364,1,1,1082
364,1,2,1082
364,1,3,1082
364,1,4,1082
364,1,5,1082
364,1,6,1082
364,1,7,1082
364,1,8,1082
364,1,9,1082
364,1,10,1082
364,1,11,1082
364,1,12,1082
365,1,1,1082
365,1,2,1082
365,1,3,1082
365,1,4,1082
365,1,5,1082
365,1,6,1082
365,1,7,1082
365,1,8,1082
365,1,9,1082
365,1,10,1082
365,1,11,1082
365,1,12,1082
366,1,1,1082
366,1,2,1082
366,1,3,1082
366,1,4,1082
366,1,5,1082
366,1,6,1082
366,1,7,1082
366,1,8,1082
366,1,9,1082
366,1,10,1082
366,1,11,1082
366,1,12,1082
367,1,1,1082
367,1,2,1082
367,1,3,1082
367,1,4,1082
367,1,5,1082
367,1,6,1082
367,1,7,1082
367,1,8,1082
367,1,9,1082
367,1,10,1082
367,1,11,1082
367,1,12,1082
368,1,1,1082
368,1,2,1082
368,1,3,1082
368,1,4,1082
368,1,5,1082
368,1,6,1082
368,1,7,1082
368,1,8,1082
368,1,9,1082
368,1,10,1082
368,1,11,1082
368,1,12,1082
369,1,1,1082
369,1,2,1082
369,1,3,1082
369,1,4,1082
369,1,5,1082
369,1,6,1082
369,1,7,1082
369,1,8,1082
369,1,9,1082
369,1,10,1082
369,1,11,1082
369,1,12,1082
370,1,1,1082
370,1,2,1082
370,1,3,1082
370,1,4,1082
370,1,5,1082
370,1,6,1082
370,1,7,1082
370,1,8,1082
370,1,9,1082
370,1,10,1082
370,1,11,1082
370,1,12,1082
371,1,1,1082
371,1,2,1082
371,1,3,1082
371,1,4,1082
371,1,5,1082
371,1,6,1082
371,1,7,1082
371,1,8,1082
371,1,9,1082
371,1,10,1082
371,1,11,1082
371,1,12,1082
372,1,1,1082
372,1,2,1082
372,1,3,1082
372,1,4,1082
372,1,5,1082
372,1,6,1082
372,1,7,1082
372,1,8,1082
372,1,9,1082
372,1,10,1082
372,1,11,1082
372,1,12,1082
373,1,1,1082
373,1,2,1082
373,1,3,1082
373,1,4,1082
373,1,5,1082
373,1,6,1082
373,1,7,1082
373,1,8,1082
373,1,9,1082
373,1,10,1082
373,1,11,1082
373,1,12,1082
374,1,1,1082
374,1,2,1082
374,1,3,1082
374,1,4,1082
374,1,5,1082
374,1,6,1082
374,1,7,1082
374,1,8,1082
374,1,9,1082
374,1,10,1082
374,1,11,1082
374,1,12,1082
375,1,1,1082
375,1,2,1082
375,1,3,1082
375,1,4,1082
375,1,5,1082
375,1,6,1082
375,1,7,1082
375,1,8,1082
375,1,9,1082
375,1,10,1082
375,1,11,1082
375,1,12,1082
376,1,1,1082
376,1,2,1082
376,1,3,1082
376,1,4,1082
376,1,5,1082
376,1,6,1082
376,1,7,1082
376,1,8,1082
376,1,9,1082
376,1,10,1082
376,1,11,1082
376,1,12,1082
377,1,1,1155
377,1,2,1155
377,1,3,1155
377,1,4,1155
377,1,5,1155
377,1,6,1155
377,1,7,1155
377,1,8,1155
377,1,9,1155
377,1,10,1155
377,1,11,1155
377,1,12,1155
378,1,1,1155
378,1,2,1155
378,1,3,1155
378,1,4,1155
378,1,5,1155
378,1,6,1155
378,1,7,1155
378,1,8,1155
378,1,9,1155
378,1,10,1155
378,1,11,1155
378,1,12,1155
379,1,1,1155
379,1,2,1155
379,1,3,1155
379,1,4,1155
379,1,5,1155
379,1,6,1155
379,1,7,1155
379,1,8,1155
379,1,9,1155
379,1,10,1155
379,1,11,1155
379,1,12,1155
380,1,1,1155
380,1,2,1155
380,1,3,1155
380,1,4,1155
380,1,5,1155
380,1,6,1155
380,1,7,1155
380,1,8,1155
380,1,9,1155
380,1,10,1155
380,1,11,1155
380,1,12,1155
381,1,1,1155
381,1,2,1155
381,1,3,1155
381,1,4,1155
381,1,5,1155
381,1,6,1155
381,1,7,1155
381,1,8,1155
381,1,9,1155
381,1,10,1155
381,1,11,1155
381,1,12,1155
382,1,1,1155
382,1,2,1155
382,1,3,1155
382,1,4,1155
382,1,5,1155
382,1,6,1155
382,1,7,1155
382,1,8,1155
382,1,9,1155
382,1,10,1155
382,1,11,1155
382,1,12,1155
383,1,1,1155
383,1,2,1155
383,1,3,1155
383,1,4,1155
383,1,5,1155
383,1,6,1155
383,1,7,1155
383,1,8,1155
383,1,9,1155
383,1,10,1155
383,1,11,1155
383,1,12,1155
384,1,1,1155
384,1,2,1155
384,1,3,1155
384,1,4,1155
384,1,5,1155
384,1,6,1155
384,1,7,1155
384,1,8,1155
384,1,9,1155
384,1,10,1155
384,1,11,1155
384,1,12,1155
385,1,1,1155
385,1,2,1155
385,1,3,1155
385,1,4,1155
385,1,5,1155
385,1,6,1155
385,1,7,1155
385,1,8,1155
385,1,9,1155
385,1,10,1155
385,1,11,1155
385,1,12,1155
386,1,1,1155
386,1,2,1155
386,1,3,1155
386,1,4,1155
386,1,5,1155
386,1,6,1155
386,1,7,1155
386,1,8,1155
386,1,9,1155
386,1,10,1155
386,1,11,1155
386,1,12,1155
387,1,1,1155
387,1,2,1155
387,1,3,1155
387,1,4,1155
387,1,5,1155
387,1,6,1155
387,1,7,1155
387,1,8,1155
387,1,9,1155
387,1,10,1155
387,1,11,1155
387,1,12,1155
388,1,1,1155
388,1,2,1155
388,1,3,1155
388,1,4,1155
388,1,5,1155
388,1,6,1155
388,1,7,1155
388,1,8,1155
388,1,9,1155
388,1,10,1155
388,1,11,1155
388,1,12,1155
389,1,1,1155
389,1,2,1155
389,1,3,1155
389,1,4,1155
389,1,5,1155
389,1,6,1155
389,1,7,1155
389,1,8,1155
389,1,9,1155
389,1,10,1155
389,1,11,1155
389,1,12,1155
390,1,1,1155
390,1,2,1155
390,1,3,1155
390,1,4,1155
390,1,5,1155
390,1,6,1155
390,1,7,1155
390,1,8,1155
390,1,9,1155
390,1,10,1155
390,1,11,1155
390,1,12,1155
391,1,1,1155
391,1,2,1155
391,1,3,1155
391,1,4,1155
391,1,5,1155
391,1,6,1155
391,1,7,1155
391,1,8,1155
391,1,9,1155
391,1,10,1155
391,1,11,1155
391,1,12,1155
392,1,1,1155
392,1,2,1155
392,1,3,1155
392,1,4,1155
392,1,5,1155
392,1,6,1155
392,1,7,1155
392,1,8,1155
392,1,9,1155
392,1,10,1155
392,1,11,1155
392,1,12,1155
393,1,1,1155
393,1,2,1155
393,1,3,1155
393,1,4,1155
393,1,5,1155
393,1,6,1155
393,1,7,1155
393,1,8,1155
393,1,9,1155
393,1,10,1155
393,1,11,1155
393,1,12,1155
394,1,1,1155
394,1,2,1155
394,1,3,1155
394,1,4,1155
394,1,5,1155
394,1,6,1155
394,1,7,1155
394,1,8,1155
394,1,9,1155
394,1,10,1155
394,1,11,1155
394,1,12,1155
395,1,1,1155
395,1,2,1155
395,1,3,1155
395,1,4,1155
395,1,5,1155
395,1,6,1155
395,1,7,1155
395,1,8,1155
395,1,9,1155
395,1,10,1155
395,1,11,1155
395,1,12,1155
396,1,1,1155
396,1,2,1155
396,1,3,1155
396,1,4,1155
396,1,5,1155
396,1,6,1155
396,1,7,1155
396,1,8,1155
396,1,9,1155
396,1,10,1155
396,1,11,1155
396,1,12,1155
397,1,1,1155
397,1,2,1155
397,1,3,1155
397,1,4,1155
397,1,5,1155
397,1,6,1155
397,1,7,1155
397,1,8,1155
397,1,9,1155
397,1,10,1155
397,1,11,1155
397,1,12,1155
398,1,1,1155
398,1,2,1155
398,1,3,1155
398,1,4,1155
398,1,5,1155
398,1,6,1155
398,1,7,1155
398,1,8,1155
398,1,9,1155
398,1,10,1155
398,1,11,1155
398,1,12,1155
399,1,1,1155
399,1,2,1155
399,1,3,1155
399,1,4,1155
399,1,5,1155
399,1,6,1155
399,1,7,1155
399,1,8,1155
399,1,9,1155
399,1,10,1155
399,1,11,1155
399,1,12,1155
400,1,1,1155
400,1,2,1155
400,1,3,1155
400,1,4,1155
400,1,5,1155
400,1,6,1155
400,1,7,1155
400,1,8,1155
400,1,9,1155
400,1,10,1155
400,1,11,1155
400,1,12,1155
401,1,1,1155
401,1,2,1155
401,1,3,1155
401,1,4,1155
401,1,5,1155
401,1,6,1155
401,1,7,1155
401,1,8,1155
401,1,9,1155
401,1,10,1155
401,1,11,1155
401,1,12,1155
402,1,1,1155
402,1,2,1155
402,1,3,1155
402,1,4,1155
402,1,5,1155
402,1,6,1155
402,1,7,1155
402,1,8,1155
402,1,9,1155
402,1,10,1155
402,1,11,1155
402,1,12,1155
403,1,1,1155
403,1,2,1155
403,1,3,1155
403,1,4,1155
403,1,5,1155
403,1,6,1155
403,1,7,1155
403,1,8,1155
403,1,9,1155
403,1,10,1155
403,1,11,1155
403,1,12,1155
404,1,1,1155
404,1,2,1155
404,1,3,1155
404,1,4,1155
404,1,5,1155
404,1,6,1155
404,1,7,1155
404,1,8,1155
404,1,9,1155
404,1,10,1155
404,1,11,1155
404,1,12,1155
405,1,1,1155
405,1,2,1155
405,1,3,1155
405,1,4,1155
405,1,5,1155
405,1,6,1155
405,1,7,1155
405,1,8,1155
405,1,9,1155
405,1,10,1155
405,1,11,1155
405,1,12,1155
406,1,1,1155
406,1,2,1155
406,1,3,1155
406,1,4,1155
406,1,5,1155
406,1,6,1155
406,1,7,1155
406,1,8,1155
406,1,9,1155
406,1,10,1155
406,1,11,1155
406,1,12,1155
407,1,1,1155
407,1,2,1155
407,1,3,1155
407,1,4,1155
407,1,5,1155
407,1,6,1155
407,1,7,1155
407,1,8,1155
407,1,9,1155
407,1,10,1155
407,1,11,1155
407,1,12,1155
408,1,1,1155
408,1,2,1155
408,1,3,1155
408,1,4,1155
408,1,5,1155
408,1,6,1155
408,1,7,1155
408,1,8,1155
408,1,9,1155
408,1,10,1155
408,1,11,1155
408,1,12,1155
409,1,1,1155
409,1,2,1155
409,1,3,1155
409,1,4,1155
409,1,5,1155
409,1,6,1155
409,1,7,1155
409,1,8,1155
409,1,9,1155
409,1,10,1155
409,1,11,1155
409,1,12,1155
410,1,1,1155
410,1,2,1155
410,1,3,1155
410,1,4,1155
410,1,5,1155
410,1,6,1155
410,1,7,1155
410,1,8,1155
410,1,9,1155
410,1,10,1155
410,1,11,1155
410,1,12,1155
411,1,1,1155
411,1,2,1155
411,1,3,1155
411,1,4,1155
411,1,5,1155
411,1,6,1155
411,1,7,1155
411,1,8,1155
411,1,9,1155
411,1,10,1155
411,1,11,1155
411,1,12,1155
412,1,1,1155
412,1,2,1155
412,1,3,1155
412,1,4,1155
412,1,5,1155
412,1,6,1155
412,1,7,1155
412,1,8,1155
412,1,9,1155
412,1,10,1155
412,1,11,1155
412,1,12,1155
413,1,1,1155
413,1,2,1155
413,1,3,1155
413,1,4,1155
413,1,5,1155
413,1,6,1155
413,1,7,1155
413,1,8,1155
413,1,9,1155
413,1,10,1155
413,1,11,1155
413,1,12,1155
414,1,1,1257
414,1,2,1257
414,1,3,1257
414,1,4,1257
414,1,5,1257
414,1,6,1257
414,1,7,1257
414,1,8,1257
414,1,9,1257
414,1,10,1257
414,1,11,1257
414,1,12,1257
415,1,1,1257
415,1,2,1257
415,1,3,1257
415,1,4,1257
415,1,5,1257
415,1,6,1257
415,1,7,1257
415,1,8,1257
415,1,9,1257
415,1,10,1257
415,1,11,1257
415,1,12,1257
416,1,1,1257
416,1,2,1257
416,1,3,1257
416,1,4,1257
416,1,5,1257
416,1,6,1257
416,1,7,1257
416,1,8,1257
416,1,9,1257
416,1,10,1257
416,1,11,1257
416,1,12,1257
417,1,1,1257
417,1,2,1257
417,1,3,1257
417,1,4,1257
417,1,5,1257
417,1,6,1257
417,1,7,1257
417,1,8,1257
417,1,9,1257
417,1,10,1257
417,1,11,1257
417,1,12,1257
418,1,1,1257
418,1,2,1257
418,1,3,1257
418,1,4,1257
418,1,5,1257
418,1,6,1257
418,1,7,1257
418,1,8,1257
418,1,9,1257
418,1,10,1257
418,1,11,1257
418,1,12,1257
419,1,1,1257
419,1,2,1257
419,1,3,1257
419,1,4,1257
419,1,5,1257
419,1,6,1257
419,1,7,1257
419,1,8,1257
419,1,9,1257
419,1,10,1257
419,1,11,1257
419,1,12,1257
420,1,1,1257
420,1,2,1257
420,1,3,1257
420,1,4,1257
420,1,5,1257
420,1,6,1257
420,1,7,1257
420,1,8,1257
420,1,9,1257
420,1,10,1257
420,1,11,1257
420,1,12,1257
421,1,1,1257
421,1,2,1257
421,1,3,1257
421,1,4,1257
421,1,5,1257
421,1,6,1257
421,1,7,1257
421,1,8,1257
421,1,9,1257
421,1,10,1257
421,1,11,1257
421,1,12,1257
422,1,1,1257
422,1,2,1257
422,1,3,1257
422,1,4,1257
422,1,5,1257
422,1,6,1257
422,1,7,1257
422,1,8,1257
422,1,9,1257
422,1,10,1257
422,1,11,1257
422,1,12,1257
423,1,1,1257
423,1,2,1257
423,1,3,1257
423,1,4,1257
423,1,5,1257
423,1,6,1257
423,1,7,1257
423,1,8,1257
423,1,9,1257
423,1,10,1257
423,1,11,1257
423,1,12,1257
424,1,1,1257
424,1,2,1257
424,1,3,1257
424,1,4,1257
424,1,5,1257
424,1,6,1257
424,1,7,1257
424,1,8,1257
424,1,9,1257
424,1,10,1257
424,1,11,1257
424,1,12,1257
425,1,1,1257
425,1,2,1257
425,1,3,1257
425,1,4,1257
425,1,5,1257
425,1,6,1257
425,1,7,1257
425,1,8,1257
425,1,9,1257
425,1,10,1257
425,1,11,1257
425,1,12,1257
426,1,1,1257
426,1,2,1257
426,1,3,1257
426,1,4,1257
426,1,5,1257
426,1,6,1257
426,1,7,1257
426,1,8,1257
426,1,9,1257
426,1,10,1257
426,1,11,1257
426,1,12,1257
427,1,1,1257
427,1,2,1257
427,1,3,1257
427,1,4,1257
427,1,5,1257
427,1,6,1257
427,1,7,1257
427,1,8,1257
427,1,9,1257
427,1,10,1257
427,1,11,1257
427,1,12,1257
428,1,1,1257
428,1,2,1257
428,1,3,1257
428,1,4,1257
428,1,5,1257
428,1,6,1257
428,1,7,1257
428,1,8,1257
428,1,9,1257
428,1,10,1257
428,1,11,1257
428,1,12,1257
429,1,1,1257
429,1,2,1257
429,1,3,1257
429,1,4,1257
429,1,5,1257
429,1,6,1257
429,1,7,1257
429,1,8,1257
429,1,9,1257
429,1,10,1257
429,1,11,1257
429,1,12,1257
430,1,1,1257
430,1,2,1257
430,1,3,1257
430,1,4,1257
430,1,5,1257
430,1,6,1257
430,1,7,1257
430,1,8,1257
430,1,9,1257
430,1,10,1257
430,1,11,1257
430,1,12,1257
431,1,1,1257
431,1,2,1257
431,1,3,1257
431,1,4,1257
431,1,5,1257
431,1,6,1257
431,1,7,1257
431,1,8,1257
431,1,9,1257
431,1,10,1257
431,1,11,1257
431,1,12,1257
432,1,1,1257
432,1,2,1257
432,1,3,1257
432,1,4,1257
432,1,5,1257
432,1,6,1257
432,1,7,1257
432,1,8,1257
432,1,9,1257
432,1,10,1257
432,1,11,1257
432,1,12,1257
433,1,1,1140
433,1,2,1140
433,1,3,1140
433,1,4,1140
433,1,5,1140
433,1,6,1140
433,1,7,1140
433,1,8,1140
433,1,9,1140
433,1,10,1140
433,1,11,1140
433,1,12,1140
434,1,1,1140
434,1,2,1140
434,1,3,1140
434,1,4,1140
434,1,5,1140
434,1,6,1140
434,1,7,1140
434,1,8,1140
434,1,9,1140
434,1,10,1140
434,1,11,1140
434,1,12,1140
435,1,1,1140
435,1,2,1140
435,1,3,1140
435,1,4,1140
435,1,5,1140
435,1,6,1140
435,1,7,1140
435,1,8,1140
435,1,9,1140
435,1,10,1140
435,1,11,1140
435,1,12,1140
436,1,1,1140
436,1,2,1140
436,1,3,1140
436,1,4,1140
436,1,5,1140
436,1,6,1140
436,1,7,1140
436,1,8,1140
436,1,9,1140
436,1,10,1140
436,1,11,1140
436,1,12,1140
437,1,1,1140
437,1,2,1140
437,1,3,1140
437,1,4,1140
437,1,5,1140
437,1,6,1140
437,1,7,1140
437,1,8,1140
437,1,9,1140
437,1,10,1140
437,1,11,1140
437,1,12,1140
438,1,1,1140
438,1,2,1140
438,1,3,1140
438,1,4,1140
438,1,5,1140
438,1,6,1140
438,1,7,1140
438,1,8,1140
438,1,9,1140
438,1,10,1140
438,1,11,1140
438,1,12,1140
439,1,1,1140
439,1,2,1140
439,1,3,1140
439,1,4,1140
439,1,5,1140
439,1,6,1140
439,1,7,1140
439,1,8,1140
439,1,9,1140
439,1,10,1140
439,1,11,1140
439,1,12,1140
440,1,1,1140
440,1,2,1140
440,1,3,1140
440,1,4,1140
440,1,5,1140
440,1,6,1140
440,1,7,1140
440,1,8,1140
440,1,9,1140
440,1,10,1140
440,1,11,1140
440,1,12,1140
441,1,1,1140
441,1,2,1140
441,1,3,1140
441,1,4,1140
441,1,5,1140
441,1,6,1140
441,1,7,1140
441,1,8,1140
441,1,9,1140
441,1,10,1140
441,1,11,1140
441,1,12,1140
442,1,1,1140
442,1,2,1140
442,1,3,1140
442,1,4,1140
442,1,5,1140
442,1,6,1140
442,1,7,1140
442,1,8,1140
442,1,9,1140
442,1,10,1140
442,1,11,1140
442,1,12,1140
443,1,1,1140
443,1,2,1140
443,1,3,1140
443,1,4,1140
443,1,5,1140
443,1,6,1140
443,1,7,1140
443,1,8,1140
443,1,9,1140
443,1,10,1140
443,1,11,1140
443,1,12,1140
444,1,1,1140
444,1,2,1140
444,1,3,1140
444,1,4,1140
444,1,5,1140
444,1,6,1140
444,1,7,1140
444,1,8,1140
444,1,9,1140
444,1,10,1140
444,1,11,1140
444,1,12,1140
445,1,1,1140
445,1,2,1140
445,1,3,1140
445,1,4,1140
445,1,5,1140
445,1,6,1140
445,1,7,1140
445,1,8,1140
445,1,9,1140
445,1,10,1140
445,1,11,1140
445,1,12,1140
446,1,1,1140
446,1,2,1140
446,1,3,1140
446,1,4,1140
446,1,5,1140
446,1,6,1140
446,1,7,1140
446,1,8,1140
446,1,9,1140
446,1,10,1140
446,1,11,1140
446,1,12,1140
447,1,1,1140
447,1,2,1140
447,1,3,1140
447,1,4,1140
447,1,5,1140
447,1,6,1140
447,1,7,1140
447,1,8,1140
447,1,9,1140
447,1,10,1140
447,1,11,1140
447,1,12,1140
448,1,1,1140
448,1,2,1140
448,1,3,1140
448,1,4,1140
448,1,5,1140
448,1,6,1140
448,1,7,1140
448,1,8,1140
448,1,9,1140
448,1,10,1140
448,1,11,1140
448,1,12,1140
449,1,1,1140
449,1,2,1140
449,1,3,1140
449,1,4,1140
449,1,5,1140
449,1,6,1140
449,1,7,1140
449,1,8,1140
449,1,9,1140
449,1,10,1140
449,1,11,1140
449,1,12,1140
450,1,1,1140
450,1,2,1140
450,1,3,1140
450,1,4,1140
450,1,5,1140
450,1,6,1140
450,1,7,1140
450,1,8,1140
450,1,9,1140
450,1,10,1140
450,1,11,1140
450,1,12,1140
451,1,1,1140
451,1,2,1140
451,1,3,1140
451,1,4,1140
451,1,5,1140
451,1,6,1140
451,1,7,1140
451,1,8,1140
451,1,9,1140
451,1,10,1140
451,1,11,1140
451,1,12,1140
452,1,1,1264
452,1,2,1264
452,1,3,1264
452,1,4,1264
452,1,5,1264
452,1,6,1264
452,1,7,1264
452,1,8,1264
452,1,9,1264
452,1,10,1264
452,1,11,1264
452,1,12,1264
453,1,1,1264
453,1,2,1264
453,1,3,1264
453,1,4,1264
453,1,5,1264
453,1,6,1264
453,1,7,1264
453,1,8,1264
453,1,9,1264
453,1,10,1264
453,1,11,1264
453,1,12,1264
454,1,1,1264
454,1,2,1264
454,1,3,1264
454,1,4,1264
454,1,5,1264
454,1,6,1264
454,1,7,1264
454,1,8,1264
454,1,9,1264
454,1,10,1264
454,1,11,1264
454,1,12,1264
455,1,1,1264
455,1,2,1264
455,1,3,1264
455,1,4,1264
455,1,5,1264
455,1,6,1264
455,1,7,1264
455,1,8,1264
455,1,9,1264
455,1,10,1264
455,1,11,1264
455,1,12,1264
456,1,1,1264
456,1,2,1264
456,1,3,1264
456,1,4,1264
456,1,5,1264
456,1,6,1264
456,1,7,1264
456,1,8,1264
456,1,9,1264
456,1,10,1264
456,1,11,1264
456,1,12,1264
457,1,1,1264
457,1,2,1264
457,1,3,1264
457,1,4,1264
457,1,5,1264
457,1,6,1264
457,1,7,1264
457,1,8,1264
457,1,9,1264
457,1,10,1264
457,1,11,1264
457,1,12,1264
458,1,1,1264
458,1,2,1264
458,1,3,1264
458,1,4,1264
458,1,5,1264
458,1,6,1264
458,1,7,1264
458,1,8,1264
458,1,9,1264
458,1,10,1264
458,1,11,1264
458,1,12,1264
459,1,1,1264
459,1,2,1264
459,1,3,1264
459,1,4,1264
459,1,5,1264
459,1,6,1264
459,1,7,1264
459,1,8,1264
459,1,9,1264
459,1,10,1264
459,1,11,1264
459,1,12,1264
460,1,1,1264
460,1,2,1264
460,1,3,1264
460,1,4,1264
460,1,5,1264
460,1,6,1264
460,1,7,1264
460,1,8,1264
460,1,9,1264
460,1,10,1264
460,1,11,1264
460,1,12,1264
461,1,1,1264
461,1,2,1264
461,1,3,1264
461,1,4,1264
461,1,5,1264
461,1,6,1264
461,1,7,1264
461,1,8,1264
461,1,9,1264
461,1,10,1264
461,1,11,1264
461,1,12,1264
462,1,1,1264
462,1,2,1264
462,1,3,1264
462,1,4,1264
462,1,5,1264
462,1,6,1264
462,1,7,1264
462,1,8,1264
462,1,9,1264
462,1,10,1264
462,1,11,1264
462,1,12,1264
463,1,1,1485
463,1,2,1485
463,1,3,1485
463,1,4,1485
463,1,5,1485
463,1,6,1485
463,1,7,1485
463,1,8,1485
463,1,9,1485
463,1,10,1485
463,1,11,1485
463,1,12,1485
464,1,1,1485
464,1,2,1485
464,1,3,1485
464,1,4,1485
464,1,5,1485
464,1,6,1485
464,1,7,1485
464,1,8,1485
464,1,9,1485
464,1,10,1485
464,1,11,1485
464,1,12,1485
465,1,1,1485
465,1,2,1485
465,1,3,1485
465,1,4,1485
465,1,5,1485
465,1,6,1485
465,1,7,1485
465,1,8,1485
465,1,9,1485
465,1,10,1485
465,1,11,1485
465,1,12,1485
466,1,1,1485
466,1,2,1485
466,1,3,1485
466,1,4,1485
466,1,5,1485
466,1,6,1485
466,1,7,1485
466,1,8,1485
466,1,9,1485
466,1,10,1485
466,1,11,1485
466,1,12,1485
467,1,1,1485
467,1,2,1485
467,1,3,1485
467,1,4,1485
467,1,5,1485
467,1,6,1485
467,1,7,1485
467,1,8,1485
467,1,9,1485
467,1,10,1485
467,1,11,1485
467,1,12,1485
468,1,1,1485
468,1,2,1485
468,1,3,1485
468,1,4,1485
468,1,5,1485
468,1,6,1485
468,1,7,1485
468,1,8,1485
468,1,9,1485
468,1,10,1485
468,1,11,1485
468,1,12,1485
469,1,1,1485
469,1,2,1485
469,1,3,1485
469,1,4,1485
469,1,5,1485
469,1,6,1485
469,1,7,1485
469,1,8,1485
469,1,9,1485
469,1,10,1485
469,1,11,1485
469,1,12,1485
470,1,1,1485
470,1,2,1485
470,1,3,1485
470,1,4,1485
470,1,5,1485
470,1,6,1485
470,1,7,1485
470,1,8,1485
470,1,9,1485
470,1,10,1485
470,1,11,1485
470,1,12,1485
471,1,1,1485
471,1,2,1485
471,1,3,1485
471,1,4,1485
471,1,5,1485
471,1,6,1485
471,1,7,1485
471,1,8,1485
471,1,9,1485
471,1,10,1485
471,1,11,1485
471,1,12,1485
472,1,1,1485
472,1,2,1485
472,1,3,1485
472,1,4,1485
472,1,5,1485
472,1,6,1485
472,1,7,1485
472,1,8,1485
472,1,9,1485
472,1,10,1485
472,1,11,1485
472,1,12,1485
473,1,1,1485
473,1,2,1485
473,1,3,1485
473,1,4,1485
473,1,5,1485
473,1,6,1485
473,1,7,1485
473,1,8,1485
473,1,9,1485
473,1,10,1485
473,1,11,1485
473,1,12,1485
474,1,1,1485
474,1,2,1485
474,1,3,1485
474,1,4,1485
474,1,5,1485
474,1,6,1485
474,1,7,1485
474,1,8,1485
474,1,9,1485
474,1,10,1485
474,1,11,1485
474,1,12,1485
475,1,1,1485
475,1,2,1485
475,1,3,1485
475,1,4,1485
475,1,5,1485
475,1,6,1485
475,1,7,1485
475,1,8,1485
475,1,9,1485
475,1,10,1485
475,1,11,1485
475,1,12,1485
476,1,1,1485
476,1,2,1485
476,1,3,1485
476,1,4,1485
476,1,5,1485
476,1,6,1485
476,1,7,1485
476,1,8,1485
476,1,9,1485
476,1,10,1485
476,1,11,1485
476,1,12,1485
477,1,1,1485
477,1,2,1485
477,1,3,1485
477,1,4,1485
477,1,5,1485
477,1,6,1485
477,1,7,1485
477,1,8,1485
477,1,9,1485
477,1,10,1485
477,1,11,1485
477,1,12,1485
478,1,1,1485
478,1,2,1485
478,1,3,1485
478,1,4,1485
478,1,5,1485
478,1,6,1485
478,1,7,1485
478,1,8,1485
478,1,9,1485
478,1,10,1485
478,1,11,1485
478,1,12,1485
479,1,1,1485
479,1,2,1485
479,1,3,1485
479,1,4,1485
479,1,5,1485
479,1,6,1485
479,1,7,1485
479,1,8,1485
479,1,9,1485
479,1,10,1485
479,1,11,1485
479,1,12,1485
480,1,1,1485
480,1,2,1485
480,1,3,1485
480,1,4,1485
480,1,5,1485
480,1,6,1485
480,1,7,1485
480,1,8,1485
480,1,9,1485
480,1,10,1485
480,1,11,1485
480,1,12,1485
481,1,1,1485
481,1,2,1485
481,1,3,1485
481,1,4,1485
481,1,5,1485
481,1,6,1485
481,1,7,1485
481,1,8,1485
481,1,9,1485
481,1,10,1485
481,1,11,1485
481,1,12,1485
482,1,1,1485
482,1,2,1485
482,1,3,1485
482,1,4,1485
482,1,5,1485
482,1,6,1485
482,1,7,1485
482,1,8,1485
482,1,9,1485
482,1,10,1485
482,1,11,1485
482,1,12,1485
483,1,1,1485
483,1,2,1485
483,1,3,1485
483,1,4,1485
483,1,5,1485
483,1,6,1485
483,1,7,1485
483,1,8,1485
483,1,9,1485
483,1,10,1485
483,1,11,1485
483,1,12,1485
484,1,1,1377
484,1,2,1377
484,1,3,1377
484,1,4,1377
484,1,5,1377
484,1,6,1377
484,1,7,1377
484,1,8,1377
484,1,9,1377
484,1,10,1377
484,1,11,1377
484,1,12,1377
485,1,1,1377
485,1,2,1377
485,1,3,1377
485,1,4,1377
485,1,5,1377
485,1,6,1377
485,1,7,1377
485,1,8,1377
485,1,9,1377
485,1,10,1377
485,1,11,1377
485,1,12,1377
486,1,1,1377
486,1,2,1377
486,1,3,1377
486,1,4,1377
486,1,5,1377
486,1,6,1377
486,1,7,1377
486,1,8,1377
486,1,9,1377
486,1,10,1377
486,1,11,1377
486,1,12,1377
487,1,1,1377
487,1,2,1377
487,1,3,1377
487,1,4,1377
487,1,5,1377
487,1,6,1377
487,1,7,1377
487,1,8,1377
487,1,9,1377
487,1,10,1377
487,1,11,1377
487,1,12,1377
488,1,1,1377
488,1,2,1377
488,1,3,1377
488,1,4,1377
488,1,5,1377
488,1,6,1377
488,1,7,1377
488,1,8,1377
488,1,9,1377
488,1,10,1377
488,1,11,1377
488,1,12,1377
489,1,1,1377
489,1,2,1377
489,1,3,1377
489,1,4,1377
489,1,5,1377
489,1,6,1377
489,1,7,1377
489,1,8,1377
489,1,9,1377
489,1,10,1377
489,1,11,1377
489,1,12,1377
490,1,1,1377
490,1,2,1377
490,1,3,1377
490,1,4,1377
490,1,5,1377
490,1,6,1377
490,1,7,1377
490,1,8,1377
490,1,9,1377
490,1,10,1377
490,1,11,1377
490,1,12,1377
491,1,1,1377
491,1,2,1377
491,1,3,1377
491,1,4,1377
491,1,5,1377
491,1,6,1377
491,1,7,1377
491,1,8,1377
491,1,9,1377
491,1,10,1377
491,1,11,1377
491,1,12,1377
492,1,1,1377
492,1,2,1377
492,1,3,1377
492,1,4,1377
492,1,5,1377
492,1,6,1377
492,1,7,1377
492,1,8,1377
492,1,9,1377
492,1,10,1377
492,1,11,1377
492,1,12,1377
493,1,1,1377
493,1,2,1377
493,1,3,1377
493,1,4,1377
493,1,5,1377
493,1,6,1377
493,1,7,1377
493,1,8,1377
493,1,9,1377
493,1,10,1377
493,1,11,1377
493,1,12,1377
494,1,1,1377
494,1,2,1377
494,1,3,1377
494,1,4,1377
494,1,5,1377
494,1,6,1377
494,1,7,1377
494,1,8,1377
494,1,9,1377
494,1,10,1377
494,1,11,1377
494,1,12,1377
495,1,1,1377
495,1,2,1377
495,1,3,1377
495,1,4,1377
495,1,5,1377
495,1,6,1377
495,1,7,1377
495,1,8,1377
495,1,9,1377
495,1,10,1377
495,1,11,1377
495,1,12,1377
496,1,1,1377
496,1,2,1377
496,1,3,1377
496,1,4,1377
496,1,5,1377
496,1,6,1377
496,1,7,1377
496,1,8,1377
496,1,9,1377
496,1,10,1377
496,1,11,1377
496,1,12,1377
497,1,1,1377
497,1,2,1377
497,1,3,1377
497,1,4,1377
497,1,5,1377
497,1,6,1377
497,1,7,1377
497,1,8,1377
497,1,9,1377
497,1,10,1377
497,1,11,1377
497,1,12,1377
498,1,1,1377
498,1,2,1377
498,1,3,1377
498,1,4,1377
498,1,5,1377
498,1,6,1377
498,1,7,1377
498,1,8,1377
498,1,9,1377
498,1,10,1377
498,1,11,1377
498,1,12,1377
499,1,1,1377
499,1,2,1377
499,1,3,1377
499,1,4,1377
499,1,5,1377
499,1,6,1377
499,1,7,1377
499,1,8,1377
499,1,9,1377
499,1,10,1377
499,1,11,1377
499,1,12,1377
500,1,1,1377
500,1,2,1377
500,1,3,1377
500,1,4,1377
500,1,5,1377
500,1,6,1377
500,1,7,1377
500,1,8,1377
500,1,9,1377
500,1,10,1377
500,1,11,1377
500,1,12,1377
501,1,1,1377
501,1,2,1377
501,1,3,1377
501,1,4,1377
501,1,5,1377
501,1,6,1377
501,1,7,1377
501,1,8,1377
501,1,9,1377
501,1,10,1377
501,1,11,1377
501,1,12,1377
502,1,1,1377
502,1,2,1377
502,1,3,1377
502,1,4,1377
502,1,5,1377
502,1,6,1377
502,1,7,1377
502,1,8,1377
502,1,9,1377
502,1,10,1377
502,1,11,1377
502,1,12,1377
503,1,1,1377
503,1,2,1377
503,1,3,1377
503,1,4,1377
503,1,5,1377
503,1,6,1377
503,1,7,1377
503,1,8,1377
503,1,9,1377
503,1,10,1377
503,1,11,1377
503,1,12,1377
504,1,1,1377
504,1,2,1377
504,1,3,1377
504,1,4,1377
504,1,5,1377
504,1,6,1377
504,1,7,1377
504,1,8,1377
504,1,9,1377
504,1,10,1377
504,1,11,1377
504,1,12,1377
505,1,1,665
505,1,2,665
505,1,3,665
505,1,4,665
505,1,5,665
505,1,6,665
505,1,7,665
505,1,8,665
505,1,9,665
505,1,10,665
505,1,11,665
505,1,12,665
506,1,1,665
506,1,2,665
506,1,3,665
506,1,4,665
506,1,5,665
506,1,6,665
506,1,7,665
506,1,8,665
506,1,9,665
506,1,10,665
506,1,11,665
506,1,12,665
507,1,1,665
507,1,2,665
507,1,3,665
507,1,4,665
507,1,5,665
507,1,6,665
507,1,7,665
507,1,8,665
507,1,9,665
507,1,10,665
507,1,11,665
507,1,12,665
508,1,1,665
508,1,2,665
508,1,3,665
508,1,4,665
508,1,5,665
508,1,6,665
508,1,7,665
508,1,8,665
508,1,9,665
508,1,10,665
508,1,11,665
508,1,12,665
509,1,1,665
509,1,2,665
509,1,3,665
509,1,4,665
509,1,5,665
509,1,6,665
509,1,7,665
509,1,8,665
509,1,9,665
509,1,10,665
509,1,11,665
509,1,12,665
510,1,1,665
510,1,2,665
510,1,3,665
510,1,4,665
510,1,5,665
510,1,6,665
510,1,7,665
510,1,8,665
510,1,9,665
510,1,10,665
510,1,11,665
510,1,12,665
511,1,1,665
511,1,2,665
511,1,3,665
511,1,4,665
511,1,5,665
511,1,6,665
511,1,7,665
511,1,8,665
511,1,9,665
511,1,10,665
511,1,11,665
511,1,12,665
512,1,1,800
512,1,2,800
512,1,3,800
512,1,4,800
512,1,5,800
512,1,6,800
512,1,7,800
512,1,8,800
512,1,9,800
512,1,10,800
512,1,11,800
512,1,12,800
513,1,1,800
513,1,2,800
513,1,3,800
513,1,4,800
513,1,5,800
513,1,6,800
513,1,7,800
513,1,8,800
513,1,9,800
513,1,10,800
513,1,11,800
513,1,12,800
514,1,1,800
514,1,2,800
514,1,3,800
514,1,4,800
514,1,5,800
514,1,6,800
514,1,7,800
514,1,8,800
514,1,9,800
514,1,10,800
514,1,11,800
514,1,12,800
515,1,1,800
515,1,2,800
515,1,3,800
515,1,4,800
515,1,5,800
515,1,6,800
515,1,7,800
515,1,8,800
515,1,9,800
515,1,10,800
515,1,11,800
515,1,12,800
516,1,1,800
516,1,2,800
516,1,3,800
516,1,4,800
516,1,5,800
516,1,6,800
516,1,7,800
516,1,8,800
516,1,9,800
516,1,10,800
516,1,11,800
516,1,12,800
517,1,1,800
517,1,2,800
517,1,3,800
517,1,4,800
517,1,5,800
517,1,6,800
517,1,7,800
517,1,8,800
517,1,9,800
517,1,10,800
517,1,11,800
517,1,12,800
518,1,1,1392
518,1,2,1392
518,1,3,1392
518,1,4,1392
518,1,5,1392
518,1,6,1392
518,1,7,1392
518,1,8,1392
518,1,9,1392
518,1,10,1392
518,1,11,1392
518,1,12,1392
519,1,1,1392
519,1,2,1392
519,1,3,1392
519,1,4,1392
519,1,5,1392
519,1,6,1392
519,1,7,1392
519,1,8,1392
519,1,9,1392
519,1,10,1392
519,1,11,1392
519,1,12,1392
520,1,1,1392
520,1,2,1392
520,1,3,1392
520,1,4,1392
520,1,5,1392
520,1,6,1392
520,1,7,1392
520,1,8,1392
520,1,9,1392
520,1,10,1392
520,1,11,1392
520,1,12,1392
521,1,1,1392
521,1,2,1392
521,1,3,1392
521,1,4,1392
521,1,5,1392
521,1,6,1392
521,1,7,1392
521,1,8,1392
521,1,9,1392
521,1,10,1392
521,1,11,1392
521,1,12,1392
522,1,1,1392
522,1,2,1392
522,1,3,1392
522,1,4,1392
522,1,5,1392
522,1,6,1392
522,1,7,1392
522,1,8,1392
522,1,9,1392
522,1,10,1392
522,1,11,1392
522,1,12,1392
523,1,1,1392
523,1,2,1392
523,1,3,1392
523,1,4,1392
523,1,5,1392
523,1,6,1392
523,1,7,1392
523,1,8,1392
523,1,9,1392
523,1,10,1392
523,1,11,1392
523,1,12,1392
524,1,1,1392
524,1,2,1392
524,1,3,1392
524,1,4,1392
524,1,5,1392
524,1,6,1392
524,1,7,1392
524,1,8,1392
524,1,9,1392
524,1,10,1392
524,1,11,1392
524,1,12,1392
525,1,1,1392
525,1,2,1392
525,1,3,1392
525,1,4,1392
525,1,5,1392
525,1,6,1392
525,1,7,1392
525,1,8,1392
525,1,9,1392
525,1,10,1392
525,1,11,1392
525,1,12,1392
526,1,1,1392
526,1,2,1392
526,1,3,1392
526,1,4,1392
526,1,5,1392
526,1,6,1392
526,1,7,1392
526,1,8,1392
526,1,9,1392
526,1,10,1392
526,1,11,1392
526,1,12,1392
527,1,1,1392
527,1,2,1392
527,1,3,1392
527,1,4,1392
527,1,5,1392
527,1,6,1392
527,1,7,1392
527,1,8,1392
527,1,9,1392
527,1,10,1392
527,1,11,1392
527,1,12,1392
528,1,1,1392
528,1,2,1392
528,1,3,1392
528,1,4,1392
528,1,5,1392
528,1,6,1392
528,1,7,1392
528,1,8,1392
528,1,9,1392
528,1,10,1392
528,1,11,1392
528,1,12,1392
529,1,1,1392
529,1,2,1392
529,1,3,1392
529,1,4,1392
529,1,5,1392
529,1,6,1392
529,1,7,1392
529,1,8,1392
529,1,9,1392
529,1,10,1392
529,1,11,1392
529,1,12,1392
530,1,1,1392
530,1,2,1392
530,1,3,1392
530,1,4,1392
530,1,5,1392
530,1,6,1392
530,1,7,1392
530,1,8,1392
530,1,9,1392
530,1,10,1392
530,1,11,1392
530,1,12,1392
531,1,1,1392
531,1,2,1392
531,1,3,1392
531,1,4,1392
531,1,5,1392
531,1,6,1392
531,1,7,1392
531,1,8,1392
531,1,9,1392
531,1,10,1392
531,1,11,1392
531,1,12,1392
532,1,1,1392
532,1,2,1392
532,1,3,1392
532,1,4,1392
532,1,5,1392
532,1,6,1392
532,1,7,1392
532,1,8,1392
532,1,9,1392
532,1,10,1392
532,1,11,1392
532,1,12,1392
533,1,1,1392
533,1,2,1392
533,1,3,1392
533,1,4,1392
533,1,5,1392
533,1,6,1392
533,1,7,1392
533,1,8,1392
533,1,9,1392
533,1,10,1392
533,1,11,1392
533,1,12,1392
534,1,1,1392
534,1,2,1392
534,1,3,1392
534,1,4,1392
534,1,5,1392
534,1,6,1392
534,1,7,1392
534,1,8,1392
534,1,9,1392
534,1,10,1392
534,1,11,1392
534,1,12,1392
535,1,1,1392
535,1,2,1392
535,1,3,1392
535,1,4,1392
535,1,5,1392
535,1,6,1392
535,1,7,1392
535,1,8,1392
535,1,9,1392
535,1,10,1392
535,1,11,1392
535,1,12,1392
536,1,1,1218
536,1,2,1218
536,1,3,1218
536,1,4,1218
536,1,5,1218
536,1,6,1218
536,1,7,1218
536,1,8,1218
536,1,9,1218
536,1,10,1218
536,1,11,1218
536,1,12,1218
537,1,1,1218
537,1,2,1218
537,1,3,1218
537,1,4,1218
537,1,5,1218
537,1,6,1218
537,1,7,1218
537,1,8,1218
537,1,9,1218
537,1,10,1218
537,1,11,1218
537,1,12,1218
538,1,1,1218
538,1,2,1218
538,1,3,1218
538,1,4,1218
538,1,5,1218
538,1,6,1218
538,1,7,1218
538,1,8,1218
538,1,9,1218
538,1,10,1218
538,1,11,1218
538,1,12,1218
539,1,1,1218
539,1,2,1218
539,1,3,1218
539,1,4,1218
539,1,5,1218
539,1,6,1218
539,1,7,1218
539,1,8,1218
539,1,9,1218
539,1,10,1218
539,1,11,1218
539,1,12,1218
540,1,1,1218
540,1,2,1218
540,1,3,1218
540,1,4,1218
540,1,5,1218
540,1,6,1218
540,1,7,1218
540,1,8,1218
540,1,9,1218
540,1,10,1218
540,1,11,1218
540,1,12,1218
541,1,1,1218
541,1,2,1218
541,1,3,1218
541,1,4,1218
541,1,5,1218
541,1,6,1218
541,1,7,1218
541,1,8,1218
541,1,9,1218
541,1,10,1218
541,1,11,1218
541,1,12,1218
542,1,1,1218
542,1,2,1218
542,1,3,1218
542,1,4,1218
542,1,5,1218
542,1,6,1218
542,1,7,1218
542,1,8,1218
542,1,9,1218
542,1,10,1218
542,1,11,1218
542,1,12,1218
543,1,1,1218
543,1,2,1218
543,1,3,1218
543,1,4,1218
543,1,5,1218
543,1,6,1218
543,1,7,1218
543,1,8,1218
543,1,9,1218
543,1,10,1218
543,1,11,1218
543,1,12,1218
544,1,1,1218
544,1,2,1218
544,1,3,1218
544,1,4,1218
544,1,5,1218
544,1,6,1218
544,1,7,1218
544,1,8,1218
544,1,9,1218
544,1,10,1218
544,1,11,1218
544,1,12,1218
545,1,1,1218
545,1,2,1218
545,1,3,1218
545,1,4,1218
545,1,5,1218
545,1,6,1218
545,1,7,1218
545,1,8,1218
545,1,9,1218
545,1,10,1218
545,1,11,1218
545,1,12,1218
546,1,1,1218
546,1,2,1218
546,1,3,1218
546,1,4,1218
546,1,5,1218
546,1,6,1218
546,1,7,1218
546,1,8,1218
546,1,9,1218
546,1,10,1218
546,1,11,1218
546,1,12,1218
547,1,1,1218
547,1,2,1218
547,1,3,1218
547,1,4,1218
547,1,5,1218
547,1,6,1218
547,1,7,1218
547,1,8,1218
547,1,9,1218
547,1,10,1218
547,1,11,1218
547,1,12,1218
548,1,1,1218
548,1,2,1218
548,1,3,1218
548,1,4,1218
548,1,5,1218
548,1,6,1218
548,1,7,1218
548,1,8,1218
548,1,9,1218
548,1,10,1218
548,1,11,1218
548,1,12,1218
549,1,1,1218
549,1,2,1218
549,1,3,1218
549,1,4,1218
549,1,5,1218
549,1,6,1218
549,1,7,1218
549,1,8,1218
549,1,9,1218
549,1,10,1218
549,1,11,1218
549,1,12,1218
550,1,1,1218
550,1,2,1218
550,1,3,1218
550,1,4,1218
550,1,5,1218
550,1,6,1218
550,1,7,1218
550,1,8,1218
550,1,9,1218
550,1,10,1218
550,1,11,1218
550,1,12,1218
551,1,1,1218
551,1,2,1218
551,1,3,1218
551,1,4,1218
551,1,5,1218
551,1,6,1218
551,1,7,1218
551,1,8,1218
551,1,9,1218
551,1,10,1218
551,1,11,1218
551,1,12,1218
552,1,1,1218
552,1,2,1218
552,1,3,1218
552,1,4,1218
552,1,5,1218
552,1,6,1218
552,1,7,1218
552,1,8,1218
552,1,9,1218
552,1,10,1218
552,1,11,1218
552,1,12,1218
553,1,1,1218
553,1,2,1218
553,1,3,1218
553,1,4,1218
553,1,5,1218
553,1,6,1218
553,1,7,1218
553,1,8,1218
553,1,9,1218
553,1,10,1218
553,1,11,1218
553,1,12,1218
554,1,1,1218
554,1,2,1218
554,1,3,1218
554,1,4,1218
554,1,5,1218
554,1,6,1218
554,1,7,1218
554,1,8,1218
554,1,9,1218
554,1,10,1218
554,1,11,1218
554,1,12,1218
555,1,1,1218
555,1,2,1218
555,1,3,1218
555,1,4,1218
555,1,5,1218
555,1,6,1218
555,1,7,1218
555,1,8,1218
555,1,9,1218
555,1,10,1218
555,1,11,1218
555,1,12,1218
556,1,1,1255
556,1,2,1255
556,1,3,1255
556,1,4,1255
556,1,5,1255
556,1,6,1255
556,1,7,1255
556,1,8,1255
556,1,9,1255
556,1,10,1255
556,1,11,1255
556,1,12,1255
557,1,1,1255
557,1,2,1255
557,1,3,1255
557,1,4,1255
557,1,5,1255
557,1,6,1255
557,1,7,1255
557,1,8,1255
557,1,9,1255
557,1,10,1255
557,1,11,1255
557,1,12,1255
558,1,1,1255
558,1,2,1255
558,1,3,1255
558,1,4,1255
558,1,5,1255
558,1,6,1255
558,1,7,1255
558,1,8,1255
558,1,9,1255
558,1,10,1255
558,1,11,1255
558,1,12,1255
559,1,1,1255
559,1,2,1255
559,1,3,1255
559,1,4,1255
559,1,5,1255
559,1,6,1255
559,1,7,1255
559,1,8,1255
559,1,9,1255
559,1,10,1255
559,1,11,1255
559,1,12,1255
560,1,1,1255
560,1,2,1255
560,1,3,1255
560,1,4,1255
560,1,5,1255
560,1,6,1255
560,1,7,1255
560,1,8,1255
560,1,9,1255
560,1,10,1255
560,1,11,1255
560,1,12,1255
561,1,1,1255
561,1,2,1255
561,1,3,1255
561,1,4,1255
561,1,5,1255
561,1,6,1255
561,1,7,1255
561,1,8,1255
561,1,9,1255
561,1,10,1255
561,1,11,1255
561,1,12,1255
562,1,1,1255
562,1,2,1255
562,1,3,1255
562,1,4,1255
562,1,5,1255
562,1,6,1255
562,1,7,1255
562,1,8,1255
562,1,9,1255
562,1,10,1255
562,1,11,1255
562,1,12,1255
563,1,1,1255
563,1,2,1255
563,1,3,1255
563,1,4,1255
563,1,5,1255
563,1,6,1255
563,1,7,1255
563,1,8,1255
563,1,9,1255
563,1,10,1255
563,1,11,1255
563,1,12,1255
564,1,1,1255
564,1,2,1255
564,1,3,1255
564,1,4,1255
564,1,5,1255
564,1,6,1255
564,1,7,1255
564,1,8,1255
564,1,9,1255
564,1,10,1255
564,1,11,1255
564,1,12,1255
565,1,1,1255
565,1,2,1255
565,1,3,1255
565,1,4,1255
565,1,5,1255
565,1,6,1255
565,1,7,1255
565,1,8,1255
565,1,9,1255
565,1,10,1255
565,1,11,1255
565,1,12,1255
566,1,1,1255
566,1,2,1255
566,1,3,1255
566,1,4,1255
566,1,5,1255
566,1,6,1255
566,1,7,1255
566,1,8,1255
566,1,9,1255
566,1,10,1255
566,1,11,1255
566,1,12,1255
567,1,1,1255
567,1,2,1255
567,1,3,1255
567,1,4,1255
567,1,5,1255
567,1,6,1255
567,1,7,1255
567,1,8,1255
567,1,9,1255
567,1,10,1255
567,1,11,1255
567,1,12,1255
568,1,1,1255
568,1,2,1255
568,1,3,1255
568,1,4,1255
568,1,5,1255
568,1,6,1255
568,1,7,1255
568,1,8,1255
568,1,9,1255
568,1,10,1255
568,1,11,1255
568,1,12,1255
569,1,1,1504
569,1,2,1504
569,1,3,1504
569,1,4,1504
569,1,5,1504
569,1,6,1504
569,1,7,1504
569,1,8,1504
569,1,9,1504
569,1,10,1504
569,1,11,1504
569,1,12,1504
570,1,1,1504
570,1,2,1504
570,1,3,1504
570,1,4,1504
570,1,5,1504
570,1,6,1504
570,1,7,1504
570,1,8,1504
570,1,9,1504
570,1,10,1504
570,1,11,1504
570,1,12,1504
571,1,1,1504
571,1,2,1504
571,1,3,1504
571,1,4,1504
571,1,5,1504
571,1,6,1504
571,1,7,1504
571,1,8,1504
571,1,9,1504
571,1,10,1504
571,1,11,1504
571,1,12,1504
572,1,1,1504
572,1,2,1504
572,1,3,1504
572,1,4,1504
572,1,5,1504
572,1,6,1504
572,1,7,1504
572,1,8,1504
572,1,9,1504
572,1,10,1504
572,1,11,1504
572,1,12,1504
573,1,1,1504
573,1,2,1504
573,1,3,1504
573,1,4,1504
573,1,5,1504
573,1,6,1504
573,1,7,1504
573,1,8,1504
573,1,9,1504
573,1,10,1504
573,1,11,1504
573,1,12,1504
574,1,1,1504
574,1,2,1504
574,1,3,1504
574,1,4,1504
574,1,5,1504
574,1,6,1504
574,1,7,1504
574,1,8,1504
574,1,9,1504
574,1,10,1504
574,1,11,1504
574,1,12,1504
575,1,1,1504
575,1,2,1504
575,1,3,1504
575,1,4,1504
575,1,5,1504
575,1,6,1504
575,1,7,1504
575,1,8,1504
575,1,9,1504
575,1,10,1504
575,1,11,1504
575,1,12,1504
576,1,1,1504
576,1,2,1504
576,1,3,1504
576,1,4,1504
576,1,5,1504
576,1,6,1504
576,1,7,1504
576,1,8,1504
576,1,9,1504
576,1,10,1504
576,1,11,1504
576,1,12,1504
577,1,1,1504
577,1,2,1504
577,1,3,1504
577,1,4,1504
577,1,5,1504
577,1,6,1504
577,1,7,1504
577,1,8,1504
577,1,9,1504
577,1,10,1504
577,1,11,1504
577,1,12,1504
578,1,1,1504
578,1,2,1504
578,1,3,1504
578,1,4,1504
578,1,5,1504
578,1,6,1504
578,1,7,1504
578,1,8,1504
578,1,9,1504
578,1,10,1504
578,1,11,1504
578,1,12,1504
579,1,1,1504
579,1,2,1504
579,1,3,1504
579,1,4,1504
579,1,5,1504
579,1,6,1504
579,1,7,1504
579,1,8,1504
579,1,9,1504
579,1,10,1504
579,1,11,1504
579,1,12,1504
580,1,1,1504
580,1,2,1504
580,1,3,1504
580,1,4,1504
580,1,5,1504
580,1,6,1504
580,1,7,1504
580,1,8,1504
580,1,9,1504
580,1,10,1504
580,1,11,1504
580,1,12,1504
581,1,1,1504
581,1,2,1504
581,1,3,1504
581,1,4,1504
581,1,5,1504
581,1,6,1504
581,1,7,1504
581,1,8,1504
581,1,9,1504
581,1,10,1504
581,1,11,1504
581,1,12,1504
582,1,1,1504
582,1,2,1504
582,1,3,1504
582,1,4,1504
582,1,5,1504
582,1,6,1504
582,1,7,1504
582,1,8,1504
582,1,9,1504
582,1,10,1504
582,1,11,1504
582,1,12,1504
583,1,1,1504
583,1,2,1504
583,1,3,1504
583,1,4,1504
583,1,5,1504
583,1,6,1504
583,1,7,1504
583,1,8,1504
583,1,9,1504
583,1,10,1504
583,1,11,1504
583,1,12,1504
584,1,1,1504
584,1,2,1504
584,1,3,1504
584,1,4,1504
584,1,5,1504
584,1,6,1504
584,1,7,1504
584,1,8,1504
584,1,9,1504
584,1,10,1504
584,1,11,1504
584,1,12,1504
585,1,1,1504
585,1,2,1504
585,1,3,1504
585,1,4,1504
585,1,5,1504
585,1,6,1504
585,1,7,1504
585,1,8,1504
585,1,9,1504
585,1,10,1504
585,1,11,1504
585,1,12,1504
586,1,1,1371
586,1,2,1371
586,1,3,1371
586,1,4,1371
586,1,5,1371
586,1,6,1371
586,1,7,1371
586,1,8,1371
586,1,9,1371
586,1,10,1371
586,1,11,1371
586,1,12,1371
587,1,1,1371
587,1,2,1371
587,1,3,1371
587,1,4,1371
587,1,5,1371
587,1,6,1371
587,1,7,1371
587,1,8,1371
587,1,9,1371
587,1,10,1371
587,1,11,1371
587,1,12,1371
588,1,1,1371
588,1,2,1371
588,1,3,1371
588,1,4,1371
588,1,5,1371
588,1,6,1371
588,1,7,1371
588,1,8,1371
588,1,9,1371
588,1,10,1371
588,1,11,1371
588,1,12,1371
589,1,1,1371
589,1,2,1371
589,1,3,1371
589,1,4,1371
589,1,5,1371
589,1,6,1371
589,1,7,1371
589,1,8,1371
589,1,9,1371
589,1,10,1371
589,1,11,1371
589,1,12,1371
590,1,1,1371
590,1,2,1371
590,1,3,1371
590,1,4,1371
590,1,5,1371
590,1,6,1371
590,1,7,1371
590,1,8,1371
590,1,9,1371
590,1,10,1371
590,1,11,1371
590,1,12,1371
591,1,1,1371
591,1,2,1371
591,1,3,1371
591,1,4,1371
591,1,5,1371
591,1,6,1371
591,1,7,1371
591,1,8,1371
591,1,9,1371
591,1,10,1371
591,1,11,1371
591,1,12,1371
592,1,1,1371
592,1,2,1371
592,1,3,1371
592,1,4,1371
592,1,5,1371
592,1,6,1371
592,1,7,1371
592,1,8,1371
592,1,9,1371
592,1,10,1371
592,1,11,1371
592,1,12,1371
593,1,1,1371
593,1,2,1371
593,1,3,1371
593,1,4,1371
593,1,5,1371
593,1,6,1371
593,1,7,1371
593,1,8,1371
593,1,9,1371
593,1,10,1371
593,1,11,1371
593,1,12,1371
594,1,1,1371
594,1,2,1371
594,1,3,1371
594,1,4,1371
594,1,5,1371
594,1,6,1371
594,1,7,1371
594,1,8,1371
594,1,9,1371
594,1,10,1371
594,1,11,1371
594,1,12,1371
595,1,1,1371
595,1,2,1371
595,1,3,1371
595,1,4,1371
595,1,5,1371
595,1,6,1371
595,1,7,1371
595,1,8,1371
595,1,9,1371
595,1,10,1371
595,1,11,1371
595,1,12,1371
596,1,1,1371
596,1,2,1371
596,1,3,1371
596,1,4,1371
596,1,5,1371
596,1,6,1371
596,1,7,1371
596,1,8,1371
596,1,9,1371
596,1,10,1371
596,1,11,1371
596,1,12,1371
597,1,1,1371
597,1,2,1371
597,1,3,1371
597,1,4,1371
597,1,5,1371
597,1,6,1371
597,1,7,1371
597,1,8,1371
597,1,9,1371
597,1,10,1371
597,1,11,1371
597,1,12,1371
598,1,1,1371
598,1,2,1371
598,1,3,1371
598,1,4,1371
598,1,5,1371
598,1,6,1371
598,1,7,1371
598,1,8,1371
598,1,9,1371
598,1,10,1371
598,1,11,1371
598,1,12,1371
599,1,1,1371
599,1,2,1371
599,1,3,1371
599,1,4,1371
599,1,5,1371
599,1,6,1371
599,1,7,1371
599,1,8,1371
599,1,9,1371
599,1,10,1371
599,1,11,1371
599,1,12,1371
600,1,1,1371
600,1,2,1371
600,1,3,1371
600,1,4,1371
600,1,5,1371
600,1,6,1371
600,1,7,1371
600,1,8,1371
600,1,9,1371
600,1,10,1371
600,1,11,1371
600,1,12,1371
601,1,1,1371
601,1,2,1371
601,1,3,1371
601,1,4,1371
601,1,5,1371
601,1,6,1371
601,1,7,1371
601,1,8,1371
601,1,9,1371
601,1,10,1371
601,1,11,1371
601,1,12,1371
602,1,1,1371
602,1,2,1371
602,1,3,1371
602,1,4,1371
602,1,5,1371
602,1,6,1371
602,1,7,1371
602,1,8,1371
602,1,9,1371
602,1,10,1371
602,1,11,1371
602,1,12,1371
603,1,1,1371
603,1,2,1371
603,1,3,1371
603,1,4,1371
603,1,5,1371
603,1,6,1371
603,1,7,1371
603,1,8,1371
603,1,9,1371
603,1,10,1371
603,1,11,1371
603,1,12,1371
604,1,1,1371
604,1,2,1371
604,1,3,1371
604,1,4,1371
604,1,5,1371
604,1,6,1371
604,1,7,1371
604,1,8,1371
604,1,9,1371
604,1,10,1371
604,1,11,1371
604,1,12,1371
605,1,1,1371
605,1,2,1371
605,1,3,1371
605,1,4,1371
605,1,5,1371
605,1,6,1371
605,1,7,1371
605,1,8,1371
605,1,9,1371
605,1,10,1371
605,1,11,1371
605,1,12,1371
606,1,1,1371
606,1,2,1371
606,1,3,1371
606,1,4,1371
606,1,5,1371
606,1,6,1371
606,1,7,1371
606,1,8,1371
606,1,9,1371
606,1,10,1371
606,1,11,1371
606,1,12,1371
